date,road team,home team
1/26/2026,Le Moyne Dolphins,Fairleigh Dickinson Knights
1/26/2026,Louisville Cardinals,Duke Blue Devils
1/26/2026,Morgan State Bears,Norfolk State Spartans
1/26/2026,Jackson State Tigers,Florida A&M Rattlers
1/26/2026,Alcorn State Braves,Bethune-Cookman Wildcats
1/26/2026,Alabama A&M Bulldogs,Prairie View A&M Panthers
1/26/2026,Central Connecticut Blue Devils,Stonehill Skyhawks
1/26/2026,Wagner Seahawks,Long Island University Sharks
1/26/2026,East Texas A&M Lions,Lamar Cardinals
1/26/2026,Abilene Christian Wildcats,Tarleton State Texans
1/26/2026,Delaware State Hornets,South Carolina State Bulldogs
1/26/2026,UT Rio Grande Valley Vaqueros,Texas A&M-Corpus Christi Islanders
1/26/2026,Arizona Wildcats,BYU Cougars
1/27/2026,Alabama State Hornets,Texas Southern Tigers
1/27/2026,Northwestern State Demons,Stephen F. Austin Lumberjacks
1/27/2026,New Orleans Privateers,Nicholls Colonels
1/27/2026,Wake Forest Demon Deacons,Pittsburgh Panthers
1/27/2026,Michigan State Spartans,Rutgers Scarlet Knights
1/27/2026,Nebraska Cornhuskers,Michigan Wolverines
1/27/2026,Virginia Cavaliers,Notre Dame Fighting Irish
1/27/2026,Arkansas Razorbacks,Oklahoma Sooners
1/27/2026,Richmond Spiders,VCU Rams
1/27/2026,Rhode Island Rams,Dayton Flyers
1/27/2026,Arizona State Sun Devils,UCF Knights
1/27/2026,Mississippi Valley State Delta Devils,Southern Jaguars
1/27/2026,Syracuse Orange,NC State Wolfpack
1/27/2026,Toledo Rockets,Akron Zips
1/27/2026,Ohio Bobcats,Kent State Golden Flashes
1/27/2026,Eastern Michigan Eagles,Central Michigan Chippewas
1/27/2026,Buffalo Bulls,Bowling Green Falcons
1/27/2026,McNeese Cowboys,SE Louisiana Lions
1/27/2026,Providence Friars,UConn Huskies
1/27/2026,Arkansas-Pine Bluff Golden Lions,Grambling Tigers
1/27/2026,Missouri Tigers,Alabama Crimson Tide
1/27/2026,George Washington Revolutionaries,Saint Louis Billikens
1/27/2026,Indiana State Sycamores,UIC Flames
1/27/2026,Georgia Tech Yellow Jackets,Virginia Tech Hokies
1/27/2026,Incarnate Word Cardinals,Houston Christian Huskies
1/27/2026,Western Michigan Broncos,Northern Illinois Huskies
1/27/2026,Kansas State Wildcats,West Virginia Mountaineers
1/27/2026,Tennessee Tech Golden Eagles,Tennessee State Tigers
1/27/2026,Purdue Boilermakers,Indiana Hoosiers
1/27/2026,Kentucky Wildcats,Vanderbilt Commodores
1/27/2026,Massachusetts Minutemen,Miami (OH) RedHawks
1/27/2026,Saint Joseph's Hawks,Loyola Chicago Ramblers
1/27/2026,Creighton Bluejays,Marquette Golden Eagles
1/27/2026,Boise State Broncos,San Jose State Spartans
1/27/2026,Grand Canyon Lopes,Nevada Wolf Pack
1/27/2026,New Mexico Lobos,UNLV Rebels
1/28/2026,Lehigh Mountain Hawks,Army Black Knights
1/28/2026,Baylor Bears,Cincinnati Bearcats
1/28/2026,Tennessee Volunteers,Georgia Bulldogs
1/28/2026,Northern Iowa Panthers,Southern Illinois Salukis
1/28/2026,Bucknell Bison,Lafayette Leopards
1/28/2026,La Salle Explorers,Fordham Rams
1/28/2026,St. Bonaventure Bonnies,Duquesne Dukes
1/28/2026,Davidson Wildcats,George Mason Patriots
1/28/2026,Rice Owls,East Carolina Pirates
1/28/2026,Charlotte 49ers,Temple Owls
1/28/2026,USC Trojans,Iowa Hawkeyes
1/28/2026,Holy Cross Crusaders,Colgate Raiders
1/28/2026,Butler Bulldogs,St. John's Red Storm
1/28/2026,California Golden Bears,Florida State Seminoles
1/28/2026,American University Eagles,Loyola Maryland Greyhounds
1/28/2026,Navy Midshipmen,Boston University Terriers
1/28/2026,Oakland Golden Grizzlies,Purdue Fort Wayne Mastodons
1/28/2026,IU Indianapolis Jaguars,Robert Morris Colonials
1/28/2026,Mississippi State Bulldogs,LSU Tigers
1/28/2026,Texas Longhorns,Auburn Tigers
1/28/2026,West Georgia Wolves,Bellarmine Knights
1/28/2026,Central Arkansas Bears,Queens University Royals
1/28/2026,Austin Peay Governors,Eastern Kentucky Colonels
1/28/2026,Jacksonville State Gamecocks,Florida International Panthers
1/28/2026,Western Kentucky Hilltoppers,Kennesaw State Owls
1/28/2026,Evansville Purple Aces,Drake Bulldogs
1/28/2026,Xavier Musketeers,Seton Hall Pirates
1/28/2026,Belmont Bruins,Valparaiso Beacons
1/28/2026,North Texas Mean Green,Tulsa Golden Hurricane
1/28/2026,UAB Blazers,UTSA Roadrunners
1/28/2026,Denver Pioneers,Kansas City Roos
1/28/2026,South Dakota State Jackrabbits,Omaha Mavericks
1/28/2026,Marshall Thundering Herd,Texas State Bobcats
1/28/2026,Old Dominion Monarchs,Arkansas State Red Wolves
1/28/2026,Sam Houston Bearkats,Missouri State Bears
1/28/2026,DePaul Blue Demons,Georgetown Hoyas
1/28/2026,Houston Cougars,TCU Horned Frogs
1/28/2026,Florida Gators,South Carolina Gamecocks
1/28/2026,Wyoming Cowboys,Utah State Aggies
1/28/2026,Illinois State Redbirds,Murray State Racers
1/28/2026,San Diego Toreros,Pepperdine Waves
1/28/2026,South Florida Bulls,Tulane Green Wave
1/28/2026,Minnesota Golden Gophers,Wisconsin Badgers
1/28/2026,Stanford Cardinal,Miami Hurricanes
1/28/2026,Delaware Blue Hens,New Mexico State Aggies
1/28/2026,Louisiana Tech Bulldogs,UTEP Miners
1/28/2026,Seattle U Redhawks,Washington State Cougars
1/28/2026,Portland Pilots,Pacific Tigers
1/28/2026,Oregon State Beavers,Loyola Marymount Lions
1/28/2026,Colorado State Rams,San Diego State Aztecs
1/28/2026,San Francisco Dons,Santa Clara Broncos
1/28/2026,UCLA Bruins,Oregon Ducks
1/29/2026,Samford Bulldogs,Furman Paladins
1/29/2026,UMass Lowell River Hawks,New Hampshire Wildcats
1/29/2026,Bryant Bulldogs,Binghamton Bearcats
1/29/2026,Gardner-Webb Runnin' Bulldogs,UNC Asheville Bulldogs
1/29/2026,NJIT Highlanders,UAlbany Great Danes
1/29/2026,Colorado Buffaloes,Iowa State Cyclones
1/29/2026,Radford Highlanders,Charleston Southern Buccaneers
1/29/2026,Longwood Lancers,South Carolina Upstate Spartans
1/29/2026,New Haven Chargers,Mercyhurst Lakers
1/29/2026,Saint Francis Red Flash,Chicago State Cougars
1/29/2026,Le Moyne Dolphins,Long Island University Sharks
1/29/2026,Fairleigh Dickinson Knights,Stonehill Skyhawks
1/29/2026,UMBC Retrievers,Vermont Catamounts
1/29/2026,Stony Brook Seawolves,Campbell Fighting Camels
1/29/2026,William & Mary Tribe,Elon Phoenix
1/29/2026,Hampton Pirates,Drexel Dragons
1/29/2026,North Carolina A&T Aggies,Monmouth Hawks
1/29/2026,Charleston Cougars,Hofstra Pride
1/29/2026,VMI Keydets,The Citadel Bulldogs
1/29/2026,UNC Greensboro Spartans,Mercer Bears
1/29/2026,Western Carolina Catamounts,East Tennessee State Buccaneers
1/29/2026,Wofford Terriers,Chattanooga Mocs
1/29/2026,James Madison Dukes,Troy Trojans
1/29/2026,Stetson Hatters,North Florida Ospreys
1/29/2026,North Alabama Lions,Florida Gulf Coast Eagles
1/29/2026,Lipscomb Bisons,Jacksonville Dolphins
1/29/2026,Liberty Flames,Middle Tennessee Blue Raiders
1/29/2026,Central Connecticut Blue Devils,Wagner Seahawks
1/29/2026,Georgia Southern Eagles,UL Monroe Warhawks
1/29/2026,SIU Edwardsville Cougars,Morehead State Eagles
1/29/2026,Florida Atlantic Owls,Memphis Tigers
1/29/2026,Oral Roberts Golden Eagles,South Dakota Coyotes
1/29/2026,North Dakota Fighting Hawks,St. Thomas-Minnesota Tommies
1/29/2026,Georgia State Panthers,Louisiana Ragin' Cajuns
1/29/2026,Coastal Carolina Chanticleers,South Alabama Jaguars
1/29/2026,App State Mountaineers,Southern Miss Golden Eagles
1/29/2026,Eastern Washington Eagles,Northern Arizona Lumberjacks
1/29/2026,Southern Utah Thunderbirds,UT Arlington Mavericks
1/29/2026,Utah Valley Wolverines,Tarleton State Texans
1/29/2026,Utah Tech Trailblazers,Abilene Christian Wildcats
1/29/2026,Lindenwood Lions,Southern Indiana Screaming Eagles
1/29/2026,UT Martin Skyhawks,Eastern Illinois Panthers
1/29/2026,Southeast Missouri State Redhawks,Western Illinois Leathernecks
1/29/2026,Little Rock Trojans,Tennessee State Tigers
1/29/2026,Washington Huskies,Illinois Fighting Illini
1/29/2026,Presbyterian Blue Hose,High Point Panthers
1/29/2026,UNC Wilmington Seahawks,Towson Tigers
1/29/2026,Idaho Vandals,Northern Colorado Bears
1/29/2026,Cal Poly Mustangs,Cal State Bakersfield Roadrunners
1/29/2026,Long Beach State Beach,UC Riverside Highlanders
1/29/2026,UC Davis Aggies,Cal State Northridge Matadors
1/29/2026,UC Santa Barbara Gauchos,UC San Diego Tritons
1/29/2026,Montana State Bobcats,Sacramento State Hornets
1/29/2026,Montana Grizzlies,Portland State Vikings
1/29/2026,Hawai'i Rainbow Warriors,UC Irvine Anteaters
1/30/2026,Princeton Tigers,Cornell Big Red
1/30/2026,Kent State Golden Flashes,Akron Zips
1/30/2026,IU Indianapolis Jaguars,Youngstown State Penguins
1/30/2026,Siena Saints,Niagara Purple Eagles
1/30/2026,Fairfield Stags,Iona Gaels
1/30/2026,Providence Friars,Villanova Wildcats
1/30/2026,Sacred Heart Pioneers,Quinnipiac Bobcats
1/30/2026,Dartmouth Big Green,Yale Bulldogs
1/30/2026,Cleveland State Vikings,Green Bay Phoenix
1/30/2026,Northern Kentucky Norse,Detroit Mercy Titans
1/30/2026,Marist Red Foxes,Canisius Golden Griffins
1/30/2026,Rider Broncs,Manhattan Jaspers
1/30/2026,Harvard Crimson,Brown Bears
1/30/2026,Pennsylvania Quakers,Columbia Lions
1/30/2026,Michigan Wolverines,Michigan State Spartans
1/30/2026,Dayton Flyers,Saint Louis Billikens
1/30/2026,Wright State Raiders,Milwaukee Panthers
1/30/2026,Mount St. Mary's Mountaineers,Saint Peter's Peacocks
1/30/2026,Loyola Chicago Ramblers,VCU Rams
1/30/2026,Boise State Broncos,Grand Canyon Lopes
1/30/2026,UNLV Rebels,Nevada Wolf Pack
1/31/2026,Duke Blue Devils,Virginia Tech Hokies
1/31/2026,Cincinnati Bearcats,Houston Cougars
1/31/2026,Texas Tech Red Raiders,UCF Knights
1/31/2026,Pittsburgh Panthers,Clemson Tigers
1/31/2026,Marquette Golden Eagles,Seton Hall Pirates
1/31/2026,Georgetown Hoyas,Butler Bulldogs
1/31/2026,Ball State Cardinals,Toledo Rockets
1/31/2026,Campbell Fighting Camels,William & Mary Tribe
1/31/2026,Texas A&M Aggies,Georgia Bulldogs
1/31/2026,Valparaiso Beacons,Indiana State Sycamores
1/31/2026,Holy Cross Crusaders,Army Black Knights
1/31/2026,San Diego State Aztecs,Utah State Aggies
1/31/2026,DePaul Blue Demons,Xavier Musketeers
1/31/2026,Robert Morris Colonials,Purdue Fort Wayne Mastodons
1/31/2026,Stonehill Skyhawks,Le Moyne Dolphins
1/31/2026,Fairleigh Dickinson Knights,Wagner Seahawks
1/31/2026,Samford Bulldogs,Western Carolina Catamounts
1/31/2026,UNC Greensboro Spartans,The Citadel Bulldogs
1/31/2026,Virginia Cavaliers,Boston College Eagles
1/31/2026,Arizona Wildcats,Arizona State Sun Devils
1/31/2026,North Carolina Tar Heels,Georgia Tech Yellow Jackets
1/31/2026,SMU Mustangs,Louisville Cardinals
1/31/2026,Colgate Raiders,Lehigh Mountain Hawks
1/31/2026,Lafayette Leopards,American University Eagles
1/31/2026,Fordham Rams,George Washington Revolutionaries
1/31/2026,Ohio State Buckeyes,Wisconsin Badgers
1/31/2026,Boston University Terriers,Bucknell Bison
1/31/2026,UNC Asheville Bulldogs,Winthrop Eagles
1/31/2026,Radford Highlanders,Presbyterian Blue Hose
1/31/2026,Gardner-Webb Runnin' Bulldogs,Charleston Southern Buccaneers
1/31/2026,Mercyhurst Lakers,Chicago State Cougars
1/31/2026,Ohio Bobcats,Buffalo Bulls
1/31/2026,Long Island University Sharks,Central Connecticut Blue Devils
1/31/2026,New Hampshire Wildcats,Bryant Bulldogs
1/31/2026,Maine Black Bears,UMass Lowell River Hawks
1/31/2026,Charleston Cougars,Northeastern Huskies
1/31/2026,North Carolina A&T Aggies,Drexel Dragons
1/31/2026,Hampton Pirates,Towson Tigers
1/31/2026,Hofstra Pride,Monmouth Hawks
1/31/2026,East Tennessee State Buccaneers,Wofford Terriers
1/31/2026,VMI Keydets,Mercer Bears
1/31/2026,Texas Longhorns,Oklahoma Sooners
1/31/2026,Queens University Royals,Bellarmine Knights
1/31/2026,North Alabama Lions,Stetson Hatters
1/31/2026,Lipscomb Bisons,North Florida Ospreys
1/31/2026,Saint Joseph's Hawks,La Salle Explorers
1/31/2026,High Point Panthers,Longwood Lancers
1/31/2026,Fresno State Bulldogs,Air Force Falcons
1/31/2026,Oral Roberts Golden Eagles,South Dakota State Jackrabbits
1/31/2026,Marshall Thundering Herd,Arkansas State Red Wolves
1/31/2026,James Madison Dukes,Southern Miss Golden Eagles
1/31/2026,Coastal Carolina Chanticleers,UL Monroe Warhawks
1/31/2026,Idaho State Bengals,Weber State Wildcats
1/31/2026,Florida Gulf Coast Eagles,Jacksonville Dolphins
1/31/2026,California Baptist Lancers,UT Arlington Mavericks
1/31/2026,Jacksonville State Gamecocks,Missouri State Bears
1/31/2026,Northern Illinois Huskies,Miami (OH) RedHawks
1/31/2026,Mississippi State Bulldogs,Missouri Tigers
1/31/2026,Lindenwood Lions,Morehead State Eagles
1/31/2026,NC State Wolfpack,Wake Forest Demon Deacons
1/31/2026,Evansville Purple Aces,Northern Iowa Panthers
1/31/2026,Norfolk State Spartans,Howard Bison
1/31/2026,Baylor Bears,West Virginia Mountaineers
1/31/2026,Bethune-Cookman Wildcats,Alabama State Hornets
1/31/2026,Grambling Tigers,Jackson State Tigers
1/31/2026,Southern Jaguars,Alcorn State Braves
1/31/2026,California Golden Bears,Miami Hurricanes
1/31/2026,Loyola Maryland Greyhounds,Navy Midshipmen
1/31/2026,Omaha Mavericks,Denver Pioneers
1/31/2026,Hawai'i Rainbow Warriors,Long Beach State Beach
1/31/2026,Georgia Southern Eagles,Louisiana Ragin' Cajuns
1/31/2026,Eastern Washington Eagles,Northern Colorado Bears
1/31/2026,Little Rock Trojans,Tennessee Tech Golden Eagles
1/31/2026,Southern Utah Thunderbirds,Abilene Christian Wildcats
1/31/2026,Western Kentucky Hilltoppers,Middle Tennessee Blue Raiders
1/31/2026,BYU Cougars,Kansas Jayhawks
1/31/2026,North Carolina Central Eagles,South Carolina State Bulldogs
1/31/2026,Davidson Wildcats,Richmond Spiders
1/31/2026,Maryland Eastern Shore Hawks,Delaware State Hornets
1/31/2026,Morgan State Bears,Coppin State Eagles
1/31/2026,Houston Christian Huskies,Texas A&M-Corpus Christi Islanders
1/31/2026,NJIT Highlanders,Vermont Catamounts
1/31/2026,App State Mountaineers,Troy Trojans
1/31/2026,Eastern Kentucky Colonels,Central Arkansas Bears
1/31/2026,Austin Peay Governors,West Georgia Wolves
1/31/2026,UT Martin Skyhawks,Western Illinois Leathernecks
1/31/2026,Southeast Missouri State Redhawks,Eastern Illinois Panthers
1/31/2026,Florida A&M Rattlers,Alabama A&M Bulldogs
1/31/2026,Indiana Hoosiers,UCLA Bruins
1/31/2026,UT Rio Grande Valley Vaqueros,Incarnate Word Cardinals
1/31/2026,Old Dominion Monarchs,Texas State Bobcats
1/31/2026,Montana State Bobcats,Portland State Vikings
1/31/2026,Utah Tech Trailblazers,Tarleton State Texans
1/31/2026,New Mexico State Aggies,Kennesaw State Owls
1/31/2026,Texas Southern Tigers,Prairie View A&M Panthers
1/31/2026,Bradley Braves,Drake Bulldogs
1/31/2026,Portland Pilots,Washington State Cougars
1/31/2026,Oregon State Beavers,San Diego Toreros
1/31/2026,Rice Owls,Charlotte 49ers
1/31/2026,Oklahoma State Cowboys,Utah Utes
1/31/2026,Arkansas-Pine Bluff Golden Lions,Mississippi Valley State Delta Devils
1/31/2026,Stanford Cardinal,Florida State Seminoles
1/31/2026,Notre Dame Fighting Irish,Syracuse Orange
1/31/2026,Dartmouth Big Green,Brown Bears
1/31/2026,Princeton Tigers,Columbia Lions
1/31/2026,North Dakota State Bison,South Dakota Coyotes
1/31/2026,Eastern Michigan Eagles,Massachusetts Minutemen
1/31/2026,Pennsylvania Quakers,Cornell Big Red
1/31/2026,SE Louisiana Lions,Stephen F. Austin Lumberjacks
1/31/2026,Northwestern State Demons,New Orleans Privateers
1/31/2026,Nicholls Colonels,East Texas A&M Lions
1/31/2026,LSU Tigers,South Carolina Gamecocks
1/31/2026,Kentucky Wildcats,Arkansas Razorbacks
1/31/2026,George Mason Patriots,St. Bonaventure Bonnies
1/31/2026,UIC Flames,Southern Illinois Salukis
1/31/2026,Rutgers Scarlet Knights,USC Trojans
1/31/2026,Bowling Green Falcons,Central Michigan Chippewas
1/31/2026,Harvard Crimson,Yale Bulldogs
1/31/2026,New Haven Chargers,Saint Francis Red Flash
1/31/2026,UMBC Retrievers,UAlbany Great Danes
1/31/2026,Stony Brook Seawolves,Elon Phoenix
1/31/2026,McNeese Cowboys,Lamar Cardinals
1/31/2026,UConn Huskies,Creighton Bluejays
1/31/2026,Murray State Racers,Belmont Bruins
1/31/2026,South Florida Bulls,Temple Owls
1/31/2026,UAB Blazers,North Texas Mean Green
1/31/2026,Washington Huskies,Northwestern Wildcats
1/31/2026,Cal Poly Mustangs,UC Riverside Highlanders
1/31/2026,UC San Diego Tritons,Cal State Northridge Matadors
1/31/2026,Georgia State Panthers,South Alabama Jaguars
1/31/2026,Idaho Vandals,Northern Arizona Lumberjacks
1/31/2026,Vanderbilt Commodores,Ole Miss Rebels
1/31/2026,Auburn Tigers,Tennessee Volunteers
1/31/2026,SIU Edwardsville Cougars,Southern Indiana Screaming Eagles
1/31/2026,Santa Clara Broncos,Loyola Marymount Lions
1/31/2026,Cal State Fullerton Titans,UC Santa Barbara Gauchos
1/31/2026,Delaware Blue Hens,UTEP Miners
1/31/2026,Colorado State Rams,Wyoming Cowboys
1/31/2026,UC Davis Aggies,Cal State Bakersfield Roadrunners
1/31/2026,New Mexico Lobos,San Jose State Spartans
1/31/2026,Pacific Tigers,San Francisco Dons
1/31/2026,Montana Grizzlies,Sacramento State Hornets
1/31/2026,Louisiana Tech Bulldogs,Sam Houston Bearkats
1/31/2026,Saint Mary's Gaels,Gonzaga Bulldogs
2/1/2026,Rhode Island Rams,Duquesne Dukes
2/1/2026,Purdue Boilermakers,Maryland Terrapins
2/1/2026,Alabama Crimson Tide,Florida Gators
2/1/2026,Sacred Heart Pioneers,Merrimack Warriors
2/1/2026,Siena Saints,Canisius Golden Griffins
2/1/2026,Chattanooga Mocs,Furman Paladins
2/1/2026,Iowa State Cyclones,Kansas State Wildcats
2/1/2026,Kansas City Roos,St. Thomas-Minnesota Tommies
2/1/2026,Wichita State Shockers,Tulsa Golden Hurricane
2/1/2026,East Carolina Pirates,Florida Atlantic Owls
2/1/2026,TCU Horned Frogs,Colorado Buffaloes
2/1/2026,Saint Peter's Peacocks,Rider Broncs
2/1/2026,Quinnipiac Bobcats,Fairfield Stags
2/1/2026,Wright State Raiders,Green Bay Phoenix
2/1/2026,Marist Red Foxes,Niagara Purple Eagles
2/1/2026,Manhattan Jaspers,Mount St. Mary's Mountaineers
2/1/2026,Tulane Green Wave,Memphis Tigers
2/1/2026,Cleveland State Vikings,Milwaukee Panthers
2/1/2026,Northern Kentucky Norse,Oakland Golden Grizzlies
2/1/2026,Illinois Fighting Illini,Nebraska Cornhuskers
2/1/2026,Iowa Hawkeyes,Oregon Ducks
2/2/2026,Syracuse Orange,North Carolina Tar Heels
2/2/2026,Florida A&M Rattlers,Alabama State Hornets
2/2/2026,Boston University Terriers,Holy Cross Crusaders
2/2/2026,SE Louisiana Lions,Lamar Cardinals
2/2/2026,Houston Christian Huskies,UT Rio Grande Valley Vaqueros
2/2/2026,Nicholls Colonels,Northwestern State Demons
2/2/2026,McNeese Cowboys,Stephen F. Austin Lumberjacks
2/2/2026,New Orleans Privateers,East Texas A&M Lions
2/2/2026,Bethune-Cookman Wildcats,Alabama A&M Bulldogs
2/2/2026,Grambling Tigers,Alcorn State Braves
2/2/2026,Southern Jaguars,Jackson State Tigers
2/2/2026,Kansas Jayhawks,Texas Tech Red Raiders
2/2/2026,Incarnate Word Cardinals,Texas A&M-Corpus Christi Islanders
2/2/2026,Weber State Wildcats,Sacramento State Hornets
2/2/2026,Idaho State Bengals,Portland State Vikings
2/3/2026,Miami (OH) RedHawks,Buffalo Bulls
2/3/2026,Akron Zips,Eastern Michigan Eagles
2/3/2026,Canisius Golden Griffins,Niagara Purple Eagles
2/3/2026,Xavier Musketeers,UConn Huskies
2/3/2026,Boston College Eagles,Duke Blue Devils
2/3/2026,Southern Illinois Salukis,Illinois State Redbirds
2/3/2026,VCU Rams,Fordham Rams
2/3/2026,St. Bonaventure Bonnies,Dayton Flyers
2/3/2026,Western Michigan Broncos,Ohio Bobcats
2/3/2026,Kent State Golden Flashes,Toledo Rockets
2/3/2026,Central Michigan Chippewas,Massachusetts Minutemen
2/3/2026,Ball State Cardinals,Bowling Green Falcons
2/3/2026,Ole Miss Rebels,Tennessee Volunteers
2/3/2026,South Carolina Gamecocks,Texas Longhorns
2/3/2026,Indiana State Sycamores,Evansville Purple Aces
2/3/2026,UIC Flames,Murray State Racers
2/3/2026,Valparaiso Beacons,Bradley Braves
2/3/2026,La Salle Explorers,Loyola Chicago Ramblers
2/3/2026,St. John's Red Storm,DePaul Blue Demons
2/3/2026,SIU Edwardsville Cougars,Lindenwood Lions
2/3/2026,Little Rock Trojans,UT Martin Skyhawks
2/3/2026,Pittsburgh Panthers,Virginia Cavaliers
2/3/2026,Saint Louis Billikens,Davidson Wildcats
2/3/2026,Drake Bulldogs,Belmont Bruins
2/3/2026,Nevada Wolf Pack,Boise State Broncos
2/3/2026,NC State Wolfpack,SMU Mustangs
2/3/2026,Air Force Falcons,Grand Canyon Lopes
2/3/2026,Rutgers Scarlet Knights,UCLA Bruins
2/3/2026,Indiana Hoosiers,USC Trojans
2/3/2026,UNLV Rebels,Fresno State Bulldogs
2/3/2026,Wyoming Cowboys,San Diego State Aztecs
2/4/2026,Wofford Terriers,VMI Keydets
2/4/2026,South Carolina Upstate Spartans,UNC Asheville Bulldogs
2/4/2026,Seton Hall Pirates,Villanova Wildcats
2/4/2026,South Alabama Jaguars,App State Mountaineers
2/4/2026,UCF Knights,Houston Cougars
2/4/2026,Michigan State Spartans,Minnesota Golden Gophers
2/4/2026,Texas A&M Aggies,Alabama Crimson Tide
2/4/2026,Notre Dame Fighting Irish,Louisville Cardinals
2/4/2026,Bucknell Bison,American University Eagles
2/4/2026,George Washington Revolutionaries,Saint Joseph's Hawks
2/4/2026,Duquesne Dukes,George Mason Patriots
2/4/2026,UTSA Roadrunners,South Florida Bulls
2/4/2026,Tulsa Golden Hurricane,Florida Atlantic Owls
2/4/2026,Army Black Knights,Colgate Raiders
2/4/2026,Winthrop Eagles,Radford Highlanders
2/4/2026,Longwood Lancers,Gardner-Webb Runnin' Bulldogs
2/4/2026,Charleston Southern Buccaneers,High Point Panthers
2/4/2026,Butler Bulldogs,Providence Friars
2/4/2026,Lehigh Mountain Hawks,Loyola Maryland Greyhounds
2/4/2026,Navy Midshipmen,Lafayette Leopards
2/4/2026,St. Thomas-Minnesota Tommies,South Dakota State Jackrabbits
2/4/2026,Youngstown State Penguins,Purdue Fort Wayne Mastodons
2/4/2026,Oakland Golden Grizzlies,Cleveland State Vikings
2/4/2026,Wright State Raiders,Robert Morris Colonials
2/4/2026,Green Bay Phoenix,Northern Kentucky Norse
2/4/2026,Western Carolina Catamounts,UNC Greensboro Spartans
2/4/2026,Furman Paladins,East Tennessee State Buccaneers
2/4/2026,UL Monroe Warhawks,Old Dominion Monarchs
2/4/2026,Southern Miss Golden Eagles,Marshall Thundering Herd
2/4/2026,Louisiana Ragin' Cajuns,James Madison Dukes
2/4/2026,Troy Trojans,Georgia State Panthers
2/4/2026,Texas State Bobcats,Georgia Southern Eagles
2/4/2026,Arkansas State Red Wolves,Coastal Carolina Chanticleers
2/4/2026,Liberty Flames,Delaware Blue Hens
2/4/2026,Charlotte 49ers,Wichita State Shockers
2/4/2026,Creighton Bluejays,Georgetown Hoyas
2/4/2026,North Alabama Lions,Central Arkansas Bears
2/4/2026,Florida International Panthers,Middle Tennessee Blue Raiders
2/4/2026,UTEP Miners,Sam Houston Bearkats
2/4/2026,New Mexico State Aggies,Louisiana Tech Bulldogs
2/4/2026,North Texas Mean Green,Rice Owls
2/4/2026,Colorado Buffaloes,Baylor Bears
2/4/2026,Maryland Eastern Shore Hawks,South Carolina State Bulldogs
2/4/2026,Georgia Tech Yellow Jackets,California Golden Bears
2/4/2026,South Dakota Coyotes,Kansas City Roos
2/4/2026,Detroit Mercy Titans,Milwaukee Panthers
2/4/2026,Lipscomb Bisons,Austin Peay Governors
2/4/2026,Northwestern Wildcats,Illinois Fighting Illini
2/4/2026,BYU Cougars,Oklahoma State Cowboys
2/4/2026,Arizona State Sun Devils,Utah Utes
2/4/2026,Oklahoma Sooners,Kentucky Wildcats
2/4/2026,Gonzaga Bulldogs,Portland Pilots
2/4/2026,Clemson Tigers,Stanford Cardinal
2/4/2026,Santa Clara Broncos,Pacific Tigers
2/4/2026,San Diego Toreros,Saint Mary's Gaels
2/4/2026,Pepperdine Waves,Seattle U Redhawks
2/4/2026,Loyola Marymount Lions,San Francisco Dons
2/4/2026,Utah State Aggies,New Mexico Lobos
2/4/2026,Washington State Cougars,Oregon State Beavers
2/4/2026,Iowa Hawkeyes,Washington Huskies
2/5/2026,Vermont Catamounts,Maine Black Bears
2/5/2026,Binghamton Bearcats,UMBC Retrievers
2/5/2026,UAlbany Great Danes,Bryant Bulldogs
2/5/2026,West Virginia Mountaineers,Cincinnati Bearcats
2/5/2026,Fairfield Stags,Sacred Heart Pioneers
2/5/2026,Iona Gaels,Siena Saints
2/5/2026,Merrimack Warriors,Mount St. Mary's Mountaineers
2/5/2026,Canisius Golden Griffins,Quinnipiac Bobcats
2/5/2026,Rider Broncs,Marist Red Foxes
2/5/2026,Saint Peter's Peacocks,Manhattan Jaspers
2/5/2026,Chicago State Cougars,Central Connecticut Blue Devils
2/5/2026,Saint Francis Red Flash,Mercyhurst Lakers
2/5/2026,New Haven Chargers,Long Island University Sharks
2/5/2026,Le Moyne Dolphins,Wagner Seahawks
2/5/2026,Stonehill Skyhawks,Fairleigh Dickinson Knights
2/5/2026,UMass Lowell River Hawks,NJIT Highlanders
2/5/2026,Northeastern Huskies,Hofstra Pride
2/5/2026,Monmouth Hawks,Stony Brook Seawolves
2/5/2026,Drexel Dragons,Campbell Fighting Camels
2/5/2026,William & Mary Tribe,UNC Wilmington Seahawks
2/5/2026,North Carolina A&T Aggies,Charleston Cougars
2/5/2026,Elon Phoenix,Hampton Pirates
2/5/2026,Mercer Bears,Chattanooga Mocs
2/5/2026,Stetson Hatters,Bellarmine Knights
2/5/2026,North Florida Ospreys,West Georgia Wolves
2/5/2026,Jacksonville Dolphins,Queens University Royals
2/5/2026,Florida Gulf Coast Eagles,Eastern Kentucky Colonels
2/5/2026,Denver Pioneers,North Dakota State Bison
2/5/2026,Omaha Mavericks,North Dakota Fighting Hawks
2/5/2026,The Citadel Bulldogs,Samford Bulldogs
2/5/2026,Lindenwood Lions,Little Rock Trojans
2/5/2026,Abilene Christian Wildcats,Utah Valley Wolverines
2/5/2026,Ohio State Buckeyes,Maryland Terrapins
2/5/2026,Western Illinois Leathernecks,Tennessee Tech Golden Eagles
2/5/2026,Southern Indiana Screaming Eagles,UT Martin Skyhawks
2/5/2026,Morehead State Eagles,Southeast Missouri State Redhawks
2/5/2026,Eastern Illinois Panthers,Tennessee State Tigers
2/5/2026,Memphis Tigers,UAB Blazers
2/5/2026,UC Santa Barbara Gauchos,UC Davis Aggies
2/5/2026,Northern Colorado Bears,Weber State Wildcats
2/5/2026,Northern Arizona Lumberjacks,Idaho State Bengals
2/5/2026,Idaho Vandals,Montana State Bobcats
2/5/2026,Eastern Washington Eagles,Montana Grizzlies
2/5/2026,UT Arlington Mavericks,Utah Tech Trailblazers
2/5/2026,Jacksonville State Gamecocks,Western Kentucky Hilltoppers
2/5/2026,UC Riverside Highlanders,Cal State Fullerton Titans
2/5/2026,Cal State Northridge Matadors,Cal Poly Mustangs
2/5/2026,Cal State Bakersfield Roadrunners,UC Irvine Anteaters
2/5/2026,Long Beach State Beach,UC San Diego Tritons
2/5/2026,Tarleton State Texans,California Baptist Lancers
2/6/2026,Loyola Chicago Ramblers,Davidson Wildcats
2/6/2026,Dayton Flyers,VCU Rams
2/6/2026,Brown Bears,Yale Bulldogs
2/6/2026,UConn Huskies,St. John's Red Storm
2/6/2026,Evansville Purple Aces,Valparaiso Beacons
2/6/2026,Murray State Racers,Southern Illinois Salukis
2/6/2026,Drake Bulldogs,Illinois State Redbirds
2/6/2026,Bradley Braves,Northern Iowa Panthers
2/6/2026,Belmont Bruins,UIC Flames
2/7/2026,Nebraska Cornhuskers,Rutgers Scarlet Knights
2/7/2026,Syracuse Orange,Virginia Cavaliers
2/7/2026,Arkansas Razorbacks,Mississippi State Bulldogs
2/7/2026,Louisville Cardinals,Wake Forest Demon Deacons
2/7/2026,Temple Owls,East Carolina Pirates
2/7/2026,Lafayette Leopards,Army Black Knights
2/7/2026,Wisconsin Badgers,Indiana Hoosiers
2/7/2026,Villanova Wildcats,Georgetown Hoyas
2/7/2026,Drexel Dragons,Elon Phoenix
2/7/2026,Oregon Ducks,Purdue Boilermakers
2/7/2026,Massachusetts Minutemen,Coastal Carolina Chanticleers
2/7/2026,Eastern Michigan Eagles,App State Mountaineers
2/7/2026,Chicago State Cougars,New Haven Chargers
2/7/2026,Loyola Maryland Greyhounds,Boston University Terriers
2/7/2026,Wagner Seahawks,Central Connecticut Blue Devils
2/7/2026,Saint Francis Red Flash,Le Moyne Dolphins
2/7/2026,East Tennessee State Buccaneers,VMI Keydets
2/7/2026,Missouri Tigers,South Carolina Gamecocks
2/7/2026,Middle Tennessee Blue Raiders,Delaware Blue Hens
2/7/2026,Virginia Tech Hokies,NC State Wolfpack
2/7/2026,Baylor Bears,Iowa State Cyclones
2/7/2026,Northern Illinois Huskies,Georgia State Panthers
2/7/2026,Richmond Spiders,Rhode Island Rams
2/7/2026,George Washington Revolutionaries,Duquesne Dukes
2/7/2026,St. Bonaventure Bonnies,Fordham Rams
2/7/2026,North Texas Mean Green,UTSA Roadrunners
2/7/2026,Kansas State Wildcats,TCU Horned Frogs
2/7/2026,Lehigh Mountain Hawks,Holy Cross Crusaders
2/7/2026,Longwood Lancers,Winthrop Eagles
2/7/2026,Gardner-Webb Runnin' Bulldogs,Presbyterian Blue Hose
2/7/2026,Charleston Southern Buccaneers,South Carolina Upstate Spartans
2/7/2026,Butler Bulldogs,Marquette Golden Eagles
2/7/2026,Miami Hurricanes,Boston College Eagles
2/7/2026,Cornell Big Red,Columbia Lions
2/7/2026,Denver Pioneers,North Dakota Fighting Hawks
2/7/2026,Omaha Mavericks,North Dakota State Bison
2/7/2026,Cleveland State Vikings,IU Indianapolis Jaguars
2/7/2026,Detroit Mercy Titans,Green Bay Phoenix
2/7/2026,Siena Saints,Saint Peter's Peacocks
2/7/2026,Niagara Purple Eagles,Quinnipiac Bobcats
2/7/2026,Sacred Heart Pioneers,Manhattan Jaspers
2/7/2026,Princeton Tigers,Pennsylvania Quakers
2/7/2026,New Hampshire Wildcats,Vermont Catamounts
2/7/2026,Campbell Fighting Camels,North Carolina A&T Aggies
2/7/2026,The Citadel Bulldogs,Chattanooga Mocs
2/7/2026,Ole Miss Rebels,Texas Longhorns
2/7/2026,Jacksonville Dolphins,West Georgia Wolves
2/7/2026,Florida Gulf Coast Eagles,Bellarmine Knights
2/7/2026,Missouri State Bears,Liberty Flames
2/7/2026,Utah Utes,Kansas Jayhawks
2/7/2026,William & Mary Tribe,Hampton Pirates
2/7/2026,La Salle Explorers,Saint Louis Billikens
2/7/2026,Western Michigan Broncos,Texas State Bobcats
2/7/2026,Kent State Golden Flashes,Southern Miss Golden Eagles
2/7/2026,Ball State Cardinals,UL Monroe Warhawks
2/7/2026,Bowling Green Falcons,Arkansas State Red Wolves
2/7/2026,North Florida Ospreys,Queens University Royals
2/7/2026,Florida International Panthers,Western Kentucky Hilltoppers
2/7/2026,Sam Houston Bearkats,Louisiana Tech Bulldogs
2/7/2026,Oklahoma Sooners,Vanderbilt Commodores
2/7/2026,Mercyhurst Lakers,Fairleigh Dickinson Knights
2/7/2026,SMU Mustangs,Pittsburgh Panthers
2/7/2026,Oklahoma State Cowboys,Arizona Wildcats
2/7/2026,Alabama Crimson Tide,Auburn Tigers
2/7/2026,Miami (OH) RedHawks,Marshall Thundering Herd
2/7/2026,Buffalo Bulls,South Alabama Jaguars
2/7/2026,Central Michigan Chippewas,Louisiana Ragin' Cajuns
2/7/2026,Toledo Rockets,James Madison Dukes
2/7/2026,South Carolina State Bulldogs,Howard Bison
2/7/2026,North Carolina Central Eagles,Norfolk State Spartans
2/7/2026,Saint Joseph's Hawks,George Mason Patriots
2/7/2026,UC Riverside Highlanders,Cal State Northridge Matadors
2/7/2026,Maryland Eastern Shore Hawks,Morgan State Bears
2/7/2026,DePaul Blue Demons,Providence Friars
2/7/2026,Florida State Seminoles,Notre Dame Fighting Irish
2/7/2026,American University Eagles,Navy Midshipmen
2/7/2026,Stonehill Skyhawks,Long Island University Sharks
2/7/2026,Maine Black Bears,Bryant Bulldogs
2/7/2026,Binghamton Bearcats,NJIT Highlanders
2/7/2026,Towson Tigers,Hofstra Pride
2/7/2026,Northeastern Huskies,Stony Brook Seawolves
2/7/2026,Western Carolina Catamounts,Wofford Terriers
2/7/2026,Texas A&M-Corpus Christi Islanders,Nicholls Colonels
2/7/2026,SIU Edwardsville Cougars,Little Rock Trojans
2/7/2026,Eastern Illinois Panthers,Tennessee Tech Golden Eagles
2/7/2026,UT Arlington Mavericks,Utah Valley Wolverines
2/7/2026,Grand Canyon Lopes,UNLV Rebels
2/7/2026,Delaware State Hornets,Coppin State Eagles
2/7/2026,Robert Morris Colonials,Youngstown State Penguins
2/7/2026,Houston Christian Huskies,SE Louisiana Lions
2/7/2026,Western Illinois Leathernecks,Tennessee State Tigers
2/7/2026,Morehead State Eagles,UT Martin Skyhawks
2/7/2026,Southern Indiana Screaming Eagles,Southeast Missouri State Redhawks
2/7/2026,Colgate Raiders,Bucknell Bison
2/7/2026,Alabama State Hornets,Grambling Tigers
2/7/2026,Milwaukee Panthers,Northern Kentucky Norse
2/7/2026,Harvard Crimson,Dartmouth Big Green
2/7/2026,Cal Poly Mustangs,UC Davis Aggies
2/7/2026,Incarnate Word Cardinals,McNeese Cowboys
2/7/2026,Stetson Hatters,Eastern Kentucky Colonels
2/7/2026,North Alabama Lions,Austin Peay Governors
2/7/2026,Central Arkansas Bears,Lipscomb Bisons
2/7/2026,Kennesaw State Owls,Jacksonville State Gamecocks
2/7/2026,Prairie View A&M Panthers,Bethune-Cookman Wildcats
2/7/2026,Gonzaga Bulldogs,Oregon State Beavers
2/7/2026,Georgia Bulldogs,LSU Tigers
2/7/2026,Akron Zips,Troy Trojans
2/7/2026,Texas Southern Tigers,Florida A&M Rattlers
2/7/2026,Santa Clara Broncos,Washington State Cougars
2/7/2026,Jackson State Tigers,Mississippi Valley State Delta Devils
2/7/2026,Alabama A&M Bulldogs,Southern Jaguars
2/7/2026,Seton Hall Pirates,Creighton Bluejays
2/7/2026,South Dakota Coyotes,South Dakota State Jackrabbits
2/7/2026,Mercer Bears,Samford Bulldogs
2/7/2026,Lamar Cardinals,Stephen F. Austin Lumberjacks
2/7/2026,UT Rio Grande Valley Vaqueros,New Orleans Privateers
2/7/2026,Northwestern State Demons,East Texas A&M Lions
2/7/2026,Northern Colorado Bears,Idaho State Bengals
2/7/2026,Idaho Vandals,Montana Grizzlies
2/7/2026,Duke Blue Devils,North Carolina Tar Heels
2/7/2026,Alcorn State Braves,Arkansas-Pine Bluff Golden Lions
2/7/2026,Ohio Bobcats,Old Dominion Monarchs
2/7/2026,Radford Highlanders,High Point Panthers
2/7/2026,Merrimack Warriors,Rider Broncs
2/7/2026,Cal State Bakersfield Roadrunners,Cal State Fullerton Titans
2/7/2026,Purdue Fort Wayne Mastodons,Wright State Raiders
2/7/2026,Mount St. Mary's Mountaineers,Iona Gaels
2/7/2026,Marist Red Foxes,Fairfield Stags
2/7/2026,UMass Lowell River Hawks,UAlbany Great Danes
2/7/2026,Illinois Fighting Illini,Michigan State Spartans
2/7/2026,Clemson Tigers,California Golden Bears
2/7/2026,Utah State Aggies,Wyoming Cowboys
2/7/2026,Seattle U Redhawks,Portland Pilots
2/7/2026,Pacific Tigers,Pepperdine Waves
2/7/2026,Georgia Tech Yellow Jackets,Stanford Cardinal
2/7/2026,San Diego State Aztecs,Air Force Falcons
2/7/2026,Oral Roberts Golden Eagles,St. Thomas-Minnesota Tommies
2/7/2026,Eastern Washington Eagles,Montana State Bobcats
2/7/2026,Abilene Christian Wildcats,California Baptist Lancers
2/7/2026,Florida Gators,Texas A&M Aggies
2/7/2026,Tennessee Volunteers,Kentucky Wildcats
2/7/2026,Tarleton State Texans,Southern Utah Thunderbirds
2/7/2026,San Jose State Spartans,Colorado State Rams
2/7/2026,San Diego Toreros,Loyola Marymount Lions
2/7/2026,UC Irvine Anteaters,UC Santa Barbara Gauchos
2/7/2026,Northern Arizona Lumberjacks,Weber State Wildcats
2/7/2026,New Mexico State Aggies,UTEP Miners
2/7/2026,Arizona State Sun Devils,Colorado Buffaloes
2/7/2026,Fresno State Bulldogs,Nevada Wolf Pack
2/7/2026,Washington Huskies,UCLA Bruins
2/7/2026,Boise State Broncos,New Mexico Lobos
2/7/2026,Portland State Vikings,Sacramento State Hornets
2/7/2026,Houston Cougars,BYU Cougars
2/7/2026,San Francisco Dons,Saint Mary's Gaels
2/7/2026,UC San Diego Tritons,Hawai'i Rainbow Warriors
2/8/2026,Tulsa Golden Hurricane,South Florida Bulls
2/8/2026,Michigan Wolverines,Ohio State Buckeyes
2/8/2026,Texas Tech Red Raiders,West Virginia Mountaineers
2/8/2026,UNC Greensboro Spartans,Furman Paladins
2/8/2026,Wichita State Shockers,Tulane Green Wave
2/8/2026,Charlotte 49ers,Memphis Tigers
2/8/2026,UCF Knights,Cincinnati Bearcats
2/8/2026,Maryland Terrapins,Minnesota Golden Gophers
2/8/2026,Rice Owls,UAB Blazers
2/8/2026,Northwestern Wildcats,Iowa Hawkeyes
2/9/2026,Navy Midshipmen,Bucknell Bison
2/9/2026,Jackson State Tigers,Arkansas-Pine Bluff Golden Lions
2/9/2026,Xavier Musketeers,St. John's Red Storm
2/9/2026,NC State Wolfpack,Louisville Cardinals
2/9/2026,Southern Illinois Salukis,Indiana State Sycamores
2/9/2026,Texas Southern Tigers,Bethune-Cookman Wildcats
2/9/2026,Prairie View A&M Panthers,Florida A&M Rattlers
2/9/2026,Yale Bulldogs,Howard Bison
2/9/2026,Incarnate Word Cardinals,SE Louisiana Lions
2/9/2026,Northwestern State Demons,Lamar Cardinals
2/9/2026,Central Arkansas Bears,North Alabama Lions
2/9/2026,Valparaiso Beacons,Drake Bulldogs
2/9/2026,Alabama A&M Bulldogs,Grambling Tigers
2/9/2026,UT Rio Grande Valley Vaqueros,Nicholls Colonels
2/9/2026,Houston Christian Huskies,McNeese Cowboys
2/9/2026,East Texas A&M Lions,Stephen F. Austin Lumberjacks
2/9/2026,Illinois State Redbirds,Evansville Purple Aces
2/9/2026,Belmont Bruins,Bradley Braves
2/9/2026,Alcorn State Braves,Mississippi Valley State Delta Devils
2/9/2026,UNC Wilmington Seahawks,Charleston Cougars
2/9/2026,Texas A&M-Corpus Christi Islanders,New Orleans Privateers
2/9/2026,Oregon Ducks,Indiana Hoosiers
2/9/2026,Arizona Wildcats,Kansas Jayhawks
2/9/2026,Alabama State Hornets,Southern Jaguars
2/9/2026,Northern Iowa Panthers,Murray State Racers
2/10/2026,Purdue Boilermakers,Nebraska Cornhuskers
2/10/2026,BYU Cougars,Baylor Bears
2/10/2026,Virginia Cavaliers,Florida State Seminoles
2/10/2026,Vanderbilt Commodores,Auburn Tigers
2/10/2026,North Carolina Tar Heels,Miami Hurricanes
2/10/2026,Rhode Island Rams,George Washington Revolutionaries
2/10/2026,George Mason Patriots,Richmond Spiders
2/10/2026,Fordham Rams,Saint Joseph's Hawks
2/10/2026,Notre Dame Fighting Irish,SMU Mustangs
2/10/2026,Marquette Golden Eagles,Villanova Wildcats
2/10/2026,Wisconsin Badgers,Illinois Fighting Illini
2/10/2026,Eastern Illinois Panthers,Western Illinois Leathernecks
2/10/2026,Duke Blue Devils,Pittsburgh Panthers
2/10/2026,Houston Cougars,Utah Utes
2/10/2026,Iowa State Cyclones,TCU Horned Frogs
2/10/2026,Arkansas Razorbacks,LSU Tigers
2/10/2026,Fresno State Bulldogs,Utah State Aggies
2/10/2026,Oklahoma State Cowboys,Arizona State Sun Devils
2/10/2026,Colorado State Rams,Air Force Falcons
2/10/2026,Washington State Cougars,Gonzaga Bulldogs
2/10/2026,San Jose State Spartans,UNLV Rebels
2/11/2026,Iowa Hawkeyes,Maryland Terrapins
2/11/2026,Colgate Raiders,Holy Cross Crusaders
2/11/2026,Boston University Terriers,Army Black Knights
2/11/2026,The Citadel Bulldogs,Western Carolina Catamounts
2/11/2026,VCU Rams,La Salle Explorers
2/11/2026,USC Trojans,Ohio State Buckeyes
2/11/2026,Florida Gators,Georgia Bulldogs
2/11/2026,Alabama Crimson Tide,Ole Miss Rebels
2/11/2026,Virginia Tech Hokies,Clemson Tigers
2/11/2026,American University Eagles,Lehigh Mountain Hawks
2/11/2026,UTSA Roadrunners,East Carolina Pirates
2/11/2026,California Golden Bears,Syracuse Orange
2/11/2026,Loyola Maryland Greyhounds,Lafayette Leopards
2/11/2026,Toledo Rockets,Western Michigan Broncos
2/11/2026,Eastern Michigan Eagles,Kent State Golden Flashes
2/11/2026,Buffalo Bulls,Ball State Cardinals
2/11/2026,VMI Keydets,UNC Greensboro Spartans
2/11/2026,Wofford Terriers,Samford Bulldogs
2/11/2026,Furman Paladins,Mercer Bears
2/11/2026,Chattanooga Mocs,East Tennessee State Buccaneers
2/11/2026,App State Mountaineers,Georgia Southern Eagles
2/11/2026,West Georgia Wolves,North Alabama Lions
2/11/2026,North Florida Ospreys,Florida Gulf Coast Eagles
2/11/2026,Jacksonville Dolphins,Stetson Hatters
2/11/2026,Austin Peay Governors,Queens University Royals
2/11/2026,UTEP Miners,Jacksonville State Gamecocks
2/11/2026,UConn Huskies,Butler Bulldogs
2/11/2026,Temple Owls,Tulane Green Wave
2/11/2026,South Florida Bulls,Wichita State Shockers
2/11/2026,Providence Friars,Seton Hall Pirates
2/11/2026,Marshall Thundering Herd,Old Dominion Monarchs
2/11/2026,Bellarmine Knights,Central Arkansas Bears
2/11/2026,Colorado Buffaloes,Texas Tech Red Raiders
2/11/2026,Florida Atlantic Owls,Rice Owls
2/11/2026,UAB Blazers,Tulsa Golden Hurricane
2/11/2026,North Dakota Fighting Hawks,South Dakota Coyotes
2/11/2026,Bowling Green Falcons,Northern Illinois Huskies
2/11/2026,Troy Trojans,Texas State Bobcats
2/11/2026,UL Monroe Warhawks,Arkansas State Red Wolves
2/11/2026,Eastern Kentucky Colonels,Lipscomb Bisons
2/11/2026,Michigan Wolverines,Northwestern Wildcats
2/11/2026,Cincinnati Bearcats,Kansas State Wildcats
2/11/2026,Creighton Bluejays,DePaul Blue Demons
2/11/2026,Wake Forest Demon Deacons,Georgia Tech Yellow Jackets
2/11/2026,Stanford Cardinal,Boston College Eagles
2/11/2026,Tennessee Volunteers,Mississippi State Bulldogs
2/11/2026,Missouri Tigers,Texas A&M Aggies
2/11/2026,Liberty Flames,New Mexico State Aggies
2/11/2026,Portland Pilots,San Diego Toreros
2/11/2026,Seattle U Redhawks,Santa Clara Broncos
2/11/2026,Pepperdine Waves,Saint Mary's Gaels
2/11/2026,Loyola Marymount Lions,Pacific Tigers
2/11/2026,New Mexico Lobos,Grand Canyon Lopes
2/12/2026,Vermont Catamounts,Binghamton Bearcats
2/12/2026,NJIT Highlanders,New Hampshire Wildcats
2/12/2026,UMBC Retrievers,Maine Black Bears
2/12/2026,Bryant Bulldogs,UMass Lowell River Hawks
2/12/2026,Northern Kentucky Norse,IU Indianapolis Jaguars
2/12/2026,Middle Tennessee Blue Raiders,Kennesaw State Owls
2/12/2026,Valparaiso Beacons,Illinois State Redbirds
2/12/2026,Murray State Racers,Indiana State Sycamores
2/12/2026,Marist Red Foxes,Merrimack Warriors
2/12/2026,Winthrop Eagles,Gardner-Webb Runnin' Bulldogs
2/12/2026,UNC Asheville Bulldogs,Longwood Lancers
2/12/2026,Presbyterian Blue Hose,Charleston Southern Buccaneers
2/12/2026,High Point Panthers,South Carolina Upstate Spartans
2/12/2026,Robert Morris Colonials,Cleveland State Vikings
2/12/2026,Youngstown State Penguins,Oakland Golden Grizzlies
2/12/2026,Detroit Mercy Titans,Wright State Raiders
2/12/2026,Purdue Fort Wayne Mastodons,Green Bay Phoenix
2/12/2026,Central Connecticut Blue Devils,New Haven Chargers
2/12/2026,Stonehill Skyhawks,Chicago State Cougars
2/12/2026,Long Island University Sharks,Wagner Seahawks
2/12/2026,Mercyhurst Lakers,Le Moyne Dolphins
2/12/2026,Saint Francis Red Flash,Fairleigh Dickinson Knights
2/12/2026,Stony Brook Seawolves,Towson Tigers
2/12/2026,Hofstra Pride,Charleston Cougars
2/12/2026,Monmouth Hawks,Drexel Dragons
2/12/2026,William & Mary Tribe,Northeastern Huskies
2/12/2026,Elon Phoenix,UNC Wilmington Seahawks
2/12/2026,Georgia State Panthers,James Madison Dukes
2/12/2026,Delaware Blue Hens,Florida International Panthers
2/12/2026,UIC Flames,Drake Bulldogs
2/12/2026,Tennessee Tech Golden Eagles,Morehead State Eagles
2/12/2026,Evansville Purple Aces,Southern Illinois Salukis
2/12/2026,Kansas City Roos,Oral Roberts Golden Eagles
2/12/2026,St. Thomas-Minnesota Tommies,Omaha Mavericks
2/12/2026,Coastal Carolina Chanticleers,Louisiana Ragin' Cajuns
2/12/2026,Sacramento State Hornets,Northern Colorado Bears
2/12/2026,Portland State Vikings,Northern Arizona Lumberjacks
2/12/2026,South Alabama Jaguars,Southern Miss Golden Eagles
2/12/2026,Tennessee State Tigers,Southern Indiana Screaming Eagles
2/12/2026,Southeast Missouri State Redhawks,SIU Edwardsville Cougars
2/12/2026,Little Rock Trojans,Western Illinois Leathernecks
2/12/2026,UT Martin Skyhawks,Lindenwood Lions
2/12/2026,California Baptist Lancers,Southern Utah Thunderbirds
2/12/2026,Louisiana Tech Bulldogs,Missouri State Bears
2/12/2026,Northern Iowa Panthers,Belmont Bruins
2/12/2026,Oregon State Beavers,San Francisco Dons
2/12/2026,Memphis Tigers,North Texas Mean Green
2/12/2026,South Dakota State Jackrabbits,Denver Pioneers
2/12/2026,Weber State Wildcats,Idaho Vandals
2/12/2026,Idaho State Bengals,Eastern Washington Eagles
2/12/2026,Utah Valley Wolverines,Utah Tech Trailblazers
2/12/2026,UT Arlington Mavericks,Abilene Christian Wildcats
2/12/2026,Hawai'i Rainbow Warriors,Cal State Bakersfield Roadrunners
2/12/2026,UC Santa Barbara Gauchos,UC Riverside Highlanders
2/12/2026,Cal State Fullerton Titans,Long Beach State Beach
2/12/2026,UC Irvine Anteaters,Cal Poly Mustangs
2/12/2026,UC Davis Aggies,UC San Diego Tritons
2/13/2026,Manhattan Jaspers,Niagara Purple Eagles
2/13/2026,George Mason Patriots,George Washington Revolutionaries
2/13/2026,Cornell Big Red,Princeton Tigers
2/13/2026,Saint Peter's Peacocks,Sacred Heart Pioneers
2/13/2026,Yale Bulldogs,Dartmouth Big Green
2/13/2026,Quinnipiac Bobcats,Siena Saints
2/13/2026,Mount St. Mary's Mountaineers,Rider Broncs
2/13/2026,Iona Gaels,Canisius Golden Griffins
2/13/2026,Brown Bears,Harvard Crimson
2/13/2026,Columbia Lions,Pennsylvania Quakers
2/13/2026,Michigan State Spartans,Wisconsin Badgers
2/13/2026,Ohio Bobcats,Miami (OH) RedHawks
2/13/2026,Saint Louis Billikens,Loyola Chicago Ramblers
2/13/2026,UNLV Rebels,Boise State Broncos
2/13/2026,Hampton Pirates,North Carolina A&T Aggies
2/13/2026,Texas Tech Red Raiders,Arizona Wildcats
2/13/2026,Purdue Boilermakers,Iowa Hawkeyes
2/14/2026,Clemson Tigers,Duke Blue Devils
2/14/2026,Fordham Rams,Rhode Island Rams
2/14/2026,TCU Horned Frogs,Oklahoma State Cowboys
2/14/2026,Georgia Tech Yellow Jackets,Notre Dame Fighting Irish
2/14/2026,California Golden Bears,Boston College Eagles
2/14/2026,UCLA Bruins,Michigan Wolverines
2/14/2026,Northwestern Wildcats,Nebraska Cornhuskers
2/14/2026,Kansas Jayhawks,Iowa State Cyclones
2/14/2026,Texas A&M Aggies,Vanderbilt Commodores
2/14/2026,Bucknell Bison,Boston University Terriers
2/14/2026,St. John's Red Storm,Providence Friars
2/14/2026,Long Island University Sharks,New Haven Chargers
2/14/2026,Chicago State Cougars,Le Moyne Dolphins
2/14/2026,UMBC Retrievers,New Hampshire Wildcats
2/14/2026,Furman Paladins,VMI Keydets
2/14/2026,Mercer Bears,The Citadel Bulldogs
2/14/2026,Pittsburgh Panthers,North Carolina Tar Heels
2/14/2026,East Carolina Pirates,Rice Owls
2/14/2026,Army Black Knights,American University Eagles
2/14/2026,Presbyterian Blue Hose,UNC Asheville Bulldogs
2/14/2026,High Point Panthers,Gardner-Webb Runnin' Bulldogs
2/14/2026,Florida State Seminoles,Virginia Tech Hokies
2/14/2026,SMU Mustangs,Syracuse Orange
2/14/2026,Navy Midshipmen,Colgate Raiders
2/14/2026,North Dakota State Bison,North Dakota Fighting Hawks
2/14/2026,Western Michigan Broncos,Eastern Michigan Eagles
2/14/2026,Massachusetts Minutemen,Akron Zips
2/14/2026,Kent State Golden Flashes,Ball State Cardinals
2/14/2026,Wagner Seahawks,Stonehill Skyhawks
2/14/2026,Mercyhurst Lakers,Saint Francis Red Flash
2/14/2026,Central Connecticut Blue Devils,Fairleigh Dickinson Knights
2/14/2026,Bryant Bulldogs,Vermont Catamounts
2/14/2026,Elon Phoenix,William & Mary Tribe
2/14/2026,West Georgia Wolves,Central Arkansas Bears
2/14/2026,Stetson Hatters,Florida Gulf Coast Eagles
2/14/2026,Liberty Flames,UTEP Miners
2/14/2026,Louisiana Tech Bulldogs,Florida International Panthers
2/14/2026,Charleston Southern Buccaneers,Radford Highlanders
2/14/2026,Villanova Wildcats,Creighton Bluejays
2/14/2026,Kentucky Wildcats,Florida Gators
2/14/2026,South Carolina Upstate Spartans,Longwood Lancers
2/14/2026,Marquette Golden Eagles,Xavier Musketeers
2/14/2026,NJIT Highlanders,Maine Black Bears
2/14/2026,UL Monroe Warhawks,Texas State Bobcats
2/14/2026,South Alabama Jaguars,Arkansas State Red Wolves
2/14/2026,Southern Utah Thunderbirds,UT Arlington Mavericks
2/14/2026,Delaware Blue Hens,Missouri State Bears
2/14/2026,Georgia Bulldogs,Oklahoma Sooners
2/14/2026,Florida A&M Rattlers,Jackson State Tigers
2/14/2026,Georgia State Panthers,Old Dominion Monarchs
2/14/2026,Tennessee State Tigers,Morehead State Eagles
2/14/2026,Northern Illinois Huskies,Central Michigan Chippewas
2/14/2026,Colorado Buffaloes,BYU Cougars
2/14/2026,Louisville Cardinals,Baylor Bears
2/14/2026,Wyoming Cowboys,Colorado State Rams
2/14/2026,Delaware State Hornets,Norfolk State Spartans
2/14/2026,Duquesne Dukes,St. Bonaventure Bonnies
2/14/2026,Arkansas-Pine Bluff Golden Lions,Alabama State Hornets
2/14/2026,Bethune-Cookman Wildcats,Alcorn State Braves
2/14/2026,Stanford Cardinal,Wake Forest Demon Deacons
2/14/2026,Miami Hurricanes,NC State Wolfpack
2/14/2026,UAlbany Great Danes,Binghamton Bearcats
2/14/2026,Hofstra Pride,UNC Wilmington Seahawks
2/14/2026,Samford Bulldogs,East Tennessee State Buccaneers
2/14/2026,App State Mountaineers,James Madison Dukes
2/14/2026,Portland State Vikings,Northern Colorado Bears
2/14/2026,North Florida Ospreys,Jacksonville Dolphins
2/14/2026,Lipscomb Bisons,Queens University Royals
2/14/2026,Tarleton State Texans,Abilene Christian Wildcats
2/14/2026,Morgan State Bears,South Carolina State Bulldogs
2/14/2026,Maryland Eastern Shore Hawks,Howard Bison
2/14/2026,Coppin State Eagles,North Carolina Central Eagles
2/14/2026,Lamar Cardinals,Texas A&M-Corpus Christi Islanders
2/14/2026,Western Carolina Catamounts,Chattanooga Mocs
2/14/2026,SE Louisiana Lions,Northwestern State Demons
2/14/2026,New Orleans Privateers,Houston Christian Huskies
2/14/2026,Tennessee Tech Golden Eagles,Southern Indiana Screaming Eagles
2/14/2026,UT Martin Skyhawks,SIU Edwardsville Cougars
2/14/2026,Southeast Missouri State Redhawks,Lindenwood Lions
2/14/2026,Little Rock Trojans,Eastern Illinois Panthers
2/14/2026,Lehigh Mountain Hawks,Lafayette Leopards
2/14/2026,Loyola Marymount Lions,Pepperdine Waves
2/14/2026,Mississippi Valley State Delta Devils,Alabama A&M Bulldogs
2/14/2026,Grambling Tigers,Texas Southern Tigers
2/14/2026,Grand Canyon Lopes,San Jose State Spartans
2/14/2026,Air Force Falcons,Fresno State Bulldogs
2/14/2026,Toledo Rockets,Bowling Green Falcons
2/14/2026,Wofford Terriers,UNC Greensboro Spartans
2/14/2026,Long Beach State Beach,UC Davis Aggies
2/14/2026,Nicholls Colonels,Incarnate Word Cardinals
2/14/2026,Marshall Thundering Herd,Georgia Southern Eagles
2/14/2026,Idaho State Bengals,Idaho Vandals
2/14/2026,Weber State Wildcats,Eastern Washington Eagles
2/14/2026,Sam Houston Bearkats,Kennesaw State Owls
2/14/2026,New Mexico State Aggies,Jacksonville State Gamecocks
2/14/2026,Southern Jaguars,Prairie View A&M Panthers
2/14/2026,Stephen F. Austin Lumberjacks,UT Rio Grande Valley Vaqueros
2/14/2026,Bellarmine Knights,Austin Peay Governors
2/14/2026,VCU Rams,Richmond Spiders
2/14/2026,West Virginia Mountaineers,UCF Knights
2/14/2026,Brown Bears,Dartmouth Big Green
2/14/2026,Columbia Lions,Princeton Tigers
2/14/2026,Cornell Big Red,Pennsylvania Quakers
2/14/2026,McNeese Cowboys,East Texas A&M Lions
2/14/2026,LSU Tigers,Tennessee Volunteers
2/14/2026,Yale Bulldogs,Harvard Crimson
2/14/2026,Mississippi State Bulldogs,Ole Miss Rebels
2/14/2026,Tulsa Golden Hurricane,Wichita State Shockers
2/14/2026,UC Santa Barbara Gauchos,Cal Poly Mustangs
2/14/2026,Georgetown Hoyas,UConn Huskies
2/14/2026,Virginia Cavaliers,Ohio State Buckeyes
2/14/2026,Memphis Tigers,Utah State Aggies
2/14/2026,St. Thomas-Minnesota Tommies,Kansas City Roos
2/14/2026,South Dakota State Jackrabbits,Oral Roberts Golden Eagles
2/14/2026,Hawai'i Rainbow Warriors,Cal State Northridge Matadors
2/14/2026,Sacramento State Hornets,Northern Arizona Lumberjacks
2/14/2026,Middle Tennessee Blue Raiders,Western Kentucky Hilltoppers
2/14/2026,South Carolina Gamecocks,Alabama Crimson Tide
2/14/2026,Auburn Tigers,Arkansas Razorbacks
2/14/2026,Troy Trojans,Southern Miss Golden Eagles
2/14/2026,Texas Longhorns,Missouri Tigers
2/14/2026,Kansas State Wildcats,Houston Cougars
2/14/2026,Montana State Bobcats,Montana Grizzlies
2/14/2026,California Baptist Lancers,Utah Tech Trailblazers
2/14/2026,Minnesota Golden Gophers,Washington Huskies
2/14/2026,Nevada Wolf Pack,San Diego State Aztecs
2/14/2026,Cal State Fullerton Titans,UC Irvine Anteaters
2/14/2026,UC Riverside Highlanders,UC San Diego Tritons
2/14/2026,Gonzaga Bulldogs,Santa Clara Broncos
2/14/2026,Saint Mary's Gaels,Pacific Tigers
2/15/2026,UTSA Roadrunners,Charlotte 49ers
2/15/2026,Utah Utes,Cincinnati Bearcats
2/15/2026,Maryland Terrapins,Rutgers Scarlet Knights
2/15/2026,Indiana Hoosiers,Illinois Fighting Illini
2/15/2026,Holy Cross Crusaders,Loyola Maryland Greyhounds
2/15/2026,Denver Pioneers,Omaha Mavericks
2/15/2026,Youngstown State Penguins,Detroit Mercy Titans
2/15/2026,Manhattan Jaspers,Canisius Golden Griffins
2/15/2026,Indiana State Sycamores,Valparaiso Beacons
2/15/2026,North Texas Mean Green,Temple Owls
2/15/2026,South Florida Bulls,Florida Atlantic Owls
2/15/2026,Tulane Green Wave,UAB Blazers
2/15/2026,Rider Broncs,Sacred Heart Pioneers
2/15/2026,Fairfield Stags,Saint Peter's Peacocks
2/15/2026,Merrimack Warriors,Quinnipiac Bobcats
2/15/2026,Oakland Golden Grizzlies,Robert Morris Colonials
2/15/2026,Wright State Raiders,Cleveland State Vikings
2/15/2026,IU Indianapolis Jaguars,Purdue Fort Wayne Mastodons
2/15/2026,Iona Gaels,Niagara Purple Eagles
2/15/2026,Siena Saints,Marist Red Foxes
2/15/2026,Drake Bulldogs,Northern Iowa Panthers
2/15/2026,Illinois State Redbirds,UIC Flames
2/15/2026,Bradley Braves,Southern Illinois Salukis
2/15/2026,Belmont Bruins,Murray State Racers
2/15/2026,Green Bay Phoenix,Milwaukee Panthers
2/15/2026,Davidson Wildcats,Dayton Flyers
2/15/2026,Eastern Kentucky Colonels,North Alabama Lions
2/15/2026,Charleston Cougars,Campbell Fighting Camels
2/15/2026,San Francisco Dons,San Diego Toreros
2/15/2026,Seton Hall Pirates,Butler Bulldogs
2/15/2026,Towson Tigers,Monmouth Hawks
2/15/2026,Oregon State Beavers,Seattle U Redhawks
2/16/2026,SE Louisiana Lions,East Texas A&M Lions
2/16/2026,Louisiana Ragin' Cajuns,Old Dominion Monarchs
2/16/2026,Colgate Raiders,Boston University Terriers
2/16/2026,New Orleans Privateers,Incarnate Word Cardinals
2/16/2026,Syracuse Orange,Duke Blue Devils
2/16/2026,Howard Bison,Delaware State Hornets
2/16/2026,Morgan State Bears,North Carolina Central Eagles
2/16/2026,Mississippi Valley State Delta Devils,Alabama State Hornets
2/16/2026,Bethune-Cookman Wildcats,Jackson State Tigers
2/16/2026,Grambling Tigers,Prairie View A&M Panthers
2/16/2026,Norfolk State Spartans,Maryland Eastern Shore Hawks
2/16/2026,Coppin State Eagles,South Carolina State Bulldogs
2/16/2026,South Alabama Jaguars,Marshall Thundering Herd
2/16/2026,Lamar Cardinals,UT Rio Grande Valley Vaqueros
2/16/2026,McNeese Cowboys,Northwestern State Demons
2/16/2026,Florida A&M Rattlers,Alcorn State Braves
2/16/2026,Arkansas-Pine Bluff Golden Lions,Alabama A&M Bulldogs
2/16/2026,Southern Jaguars,Texas Southern Tigers
2/16/2026,Drexel Dragons,Stony Brook Seawolves
2/16/2026,Stephen F. Austin Lumberjacks,Texas A&M-Corpus Christi Islanders
2/16/2026,Nicholls Colonels,Houston Christian Huskies
2/16/2026,Houston Cougars,Iowa State Cyclones
2/17/2026,Boston College Eagles,Florida State Seminoles
2/17/2026,Michigan Wolverines,Purdue Boilermakers
2/17/2026,Villanova Wildcats,Xavier Musketeers
2/17/2026,Northern Illinois Huskies,Buffalo Bulls
2/17/2026,Central Michigan Chippewas,Eastern Michigan Eagles
2/17/2026,South Carolina Gamecocks,Florida Gators
2/17/2026,Arkansas Razorbacks,Alabama Crimson Tide
2/17/2026,North Carolina Tar Heels,NC State Wolfpack
2/17/2026,Louisville Cardinals,SMU Mustangs
2/17/2026,Saint Louis Billikens,Rhode Island Rams
2/17/2026,Miami (OH) RedHawks,Massachusetts Minutemen
2/17/2026,TCU Horned Frogs,UCF Knights
2/17/2026,Kent State Golden Flashes,Bowling Green Falcons
2/17/2026,Ball State Cardinals,Ohio Bobcats
2/17/2026,Akron Zips,Western Michigan Broncos
2/17/2026,George Washington Revolutionaries,VCU Rams
2/17/2026,Virginia Tech Hokies,Miami Hurricanes
2/17/2026,UCLA Bruins,Michigan State Spartans
2/17/2026,Fresno State Bulldogs,Wyoming Cowboys
2/17/2026,Wisconsin Badgers,Ohio State Buckeyes
2/17/2026,Southeast Missouri State Redhawks,UT Martin Skyhawks
2/17/2026,Nebraska Cornhuskers,Iowa Hawkeyes
2/17/2026,Georgia Bulldogs,Kentucky Wildcats
2/17/2026,Baylor Bears,Kansas State Wildcats
2/17/2026,Air Force Falcons,New Mexico Lobos
2/17/2026,LSU Tigers,Texas Longhorns
2/17/2026,Nevada Wolf Pack,San Jose State Spartans
2/17/2026,Grand Canyon Lopes,San Diego State Aztecs
2/17/2026,Minnesota Golden Gophers,Oregon Ducks
2/17/2026,Texas Tech Red Raiders,Arizona State Sun Devils
2/18/2026,Lafayette Leopards,Holy Cross Crusaders
2/18/2026,VMI Keydets,Wofford Terriers
2/18/2026,Butler Bulldogs,Georgetown Hoyas
2/18/2026,Cleveland State Vikings,Youngstown State Penguins
2/18/2026,East Tennessee State Buccaneers,Furman Paladins
2/18/2026,Creighton Bluejays,UConn Huskies
2/18/2026,Clemson Tigers,Wake Forest Demon Deacons
2/18/2026,Southern Illinois Salukis,Drake Bulldogs
2/18/2026,Northern Iowa Panthers,Indiana State Sycamores
2/18/2026,Murray State Racers,Illinois State Redbirds
2/18/2026,American University Eagles,Bucknell Bison
2/18/2026,Saint Joseph's Hawks,St. Bonaventure Bonnies
2/18/2026,Loyola Chicago Ramblers,Fordham Rams
2/18/2026,La Salle Explorers,Duquesne Dukes
2/18/2026,Dayton Flyers,George Mason Patriots
2/18/2026,Richmond Spiders,Davidson Wildcats
2/18/2026,Wichita State Shockers,East Carolina Pirates
2/18/2026,UAB Blazers,Temple Owls
2/18/2026,Army Black Knights,Loyola Maryland Greyhounds
2/18/2026,Lehigh Mountain Hawks,Navy Midshipmen
2/18/2026,Purdue Fort Wayne Mastodons,Northern Kentucky Norse
2/18/2026,UNC Greensboro Spartans,Western Carolina Catamounts
2/18/2026,James Madison Dukes,Coastal Carolina Chanticleers
2/18/2026,Ole Miss Rebels,Texas A&M Aggies
2/18/2026,Oklahoma Sooners,Tennessee Volunteers
2/18/2026,West Georgia Wolves,Eastern Kentucky Colonels
2/18/2026,Jacksonville Dolphins,Florida Gulf Coast Eagles
2/18/2026,Queens University Royals,North Alabama Lions
2/18/2026,Western Kentucky Hilltoppers,Delaware Blue Hens
2/18/2026,Troy Trojans,UL Monroe Warhawks
2/18/2026,Lipscomb Bisons,Bellarmine Knights
2/18/2026,Middle Tennessee Blue Raiders,Sam Houston Bearkats
2/18/2026,Jacksonville State Gamecocks,Louisiana Tech Bulldogs
2/18/2026,UIC Flames,Evansville Purple Aces
2/18/2026,Bradley Braves,Valparaiso Beacons
2/18/2026,Florida Atlantic Owls,UTSA Roadrunners
2/18/2026,Charlotte 49ers,Tulsa Golden Hurricane
2/18/2026,Maryland Terrapins,Northwestern Wildcats
2/18/2026,DePaul Blue Demons,Seton Hall Pirates
2/18/2026,Oral Roberts Golden Eagles,Omaha Mavericks
2/18/2026,North Dakota State Bison,South Dakota State Jackrabbits
2/18/2026,Kennesaw State Owls,Missouri State Bears
2/18/2026,Utah Utes,West Virginia Mountaineers
2/18/2026,BYU Cougars,Arizona Wildcats
2/18/2026,Virginia Cavaliers,Georgia Tech Yellow Jackets
2/18/2026,Vanderbilt Commodores,Missouri Tigers
2/18/2026,Kansas Jayhawks,Oklahoma State Cowboys
2/18/2026,Saint Mary's Gaels,Seattle U Redhawks
2/18/2026,St. John's Red Storm,Marquette Golden Eagles
2/18/2026,Auburn Tigers,Mississippi State Bulldogs
2/18/2026,Pacific Tigers,Washington State Cougars
2/18/2026,Illinois Fighting Illini,USC Trojans
2/18/2026,Pepperdine Waves,Portland Pilots
2/18/2026,Boise State Broncos,Utah State Aggies
2/18/2026,Gonzaga Bulldogs,San Francisco Dons
2/18/2026,Colorado State Rams,UNLV Rebels
2/19/2026,Alabama State Hornets,Bethune-Cookman Wildcats
2/19/2026,Vermont Catamounts,UMBC Retrievers
2/19/2026,New Hampshire Wildcats,UMass Lowell River Hawks
2/19/2026,Binghamton Bearcats,Bryant Bulldogs
2/19/2026,Florida International Panthers,Liberty Flames
2/19/2026,South Carolina Upstate Spartans,Winthrop Eagles
2/19/2026,Marshall Thundering Herd,App State Mountaineers
2/19/2026,Memphis Tigers,South Florida Bulls
2/19/2026,UNC Asheville Bulldogs,High Point Panthers
2/19/2026,Longwood Lancers,Presbyterian Blue Hose
2/19/2026,Gardner-Webb Runnin' Bulldogs,Radford Highlanders
2/19/2026,IU Indianapolis Jaguars,Wright State Raiders
2/19/2026,Wagner Seahawks,Mercyhurst Lakers
2/19/2026,Stonehill Skyhawks,New Haven Chargers
2/19/2026,Long Island University Sharks,Saint Francis Red Flash
2/19/2026,Le Moyne Dolphins,Central Connecticut Blue Devils
2/19/2026,Fairleigh Dickinson Knights,Chicago State Cougars
2/19/2026,UAlbany Great Danes,NJIT Highlanders
2/19/2026,Monmouth Hawks,UNC Wilmington Seahawks
2/19/2026,Drexel Dragons,Northeastern Huskies
2/19/2026,William & Mary Tribe,Campbell Fighting Camels
2/19/2026,Charleston Cougars,North Carolina A&T Aggies
2/19/2026,Samford Bulldogs,The Citadel Bulldogs
2/19/2026,Chattanooga Mocs,Mercer Bears
2/19/2026,Austin Peay Governors,North Florida Ospreys
2/19/2026,Alabama A&M Bulldogs,Florida A&M Rattlers
2/19/2026,Kansas City Roos,North Dakota Fighting Hawks
2/19/2026,Hampton Pirates,Hofstra Pride
2/19/2026,Texas State Bobcats,South Alabama Jaguars
2/19/2026,Arkansas State Red Wolves,Louisiana Ragin' Cajuns
2/19/2026,Georgia Southern Eagles,Georgia State Panthers
2/19/2026,Central Arkansas Bears,Stetson Hatters
2/19/2026,UT Martin Skyhawks,Little Rock Trojans
2/19/2026,California Baptist Lancers,Utah Valley Wolverines
2/19/2026,Utah Tech Trailblazers,UT Arlington Mavericks
2/19/2026,Southern Utah Thunderbirds,Tarleton State Texans
2/19/2026,Texas Southern Tigers,Arkansas-Pine Bluff Golden Lions
2/19/2026,Prairie View A&M Panthers,Mississippi Valley State Delta Devils
2/19/2026,Southern Indiana Screaming Eagles,Western Illinois Leathernecks
2/19/2026,SIU Edwardsville Cougars,Tennessee Tech Golden Eagles
2/19/2026,Lindenwood Lions,Tennessee State Tigers
2/19/2026,Morehead State Eagles,Eastern Illinois Panthers
2/19/2026,Tulane Green Wave,North Texas Mean Green
2/19/2026,Cal State Northridge Matadors,UC Santa Barbara Gauchos
2/19/2026,South Dakota Coyotes,Denver Pioneers
2/19/2026,Montana State Bobcats,Weber State Wildcats
2/19/2026,Montana Grizzlies,Idaho State Bengals
2/19/2026,Idaho Vandals,Portland State Vikings
2/19/2026,Cal State Bakersfield Roadrunners,UC Riverside Highlanders
2/19/2026,UC Davis Aggies,Cal State Fullerton Titans
2/19/2026,UC Irvine Anteaters,Long Beach State Beach
2/19/2026,Eastern Washington Eagles,Sacramento State Hornets
2/19/2026,Cal Poly Mustangs,Hawai'i Rainbow Warriors
2/20/2026,VCU Rams,Saint Louis Billikens
2/20/2026,Saint Peter's Peacocks,Iona Gaels
2/20/2026,Sacred Heart Pioneers,Fairfield Stags
2/20/2026,Princeton Tigers,Brown Bears
2/20/2026,Milwaukee Panthers,Detroit Mercy Titans
2/20/2026,Green Bay Phoenix,Oakland Golden Grizzlies
2/20/2026,Siena Saints,Merrimack Warriors
2/20/2026,Niagara Purple Eagles,Mount St. Mary's Mountaineers
2/20/2026,Canisius Golden Griffins,Rider Broncs
2/20/2026,Marist Red Foxes,Manhattan Jaspers
2/20/2026,Indiana Hoosiers,Purdue Boilermakers
2/21/2026,Florida Gators,Ole Miss Rebels
2/21/2026,Florida State Seminoles,Clemson Tigers
2/21/2026,Loyola Chicago Ramblers,Saint Joseph's Hawks
2/21/2026,East Carolina Pirates,Charlotte 49ers
2/21/2026,Rutgers Scarlet Knights,Minnesota Golden Gophers
2/21/2026,Creighton Bluejays,St. John's Red Storm
2/21/2026,Wake Forest Demon Deacons,Virginia Tech Hokies
2/21/2026,Cincinnati Bearcats,Kansas Jayhawks
2/21/2026,North Carolina Tar Heels,Syracuse Orange
2/21/2026,Binghamton Bearcats,UMass Lowell River Hawks
2/21/2026,UAlbany Great Danes,UMBC Retrievers
2/21/2026,Western Carolina Catamounts,VMI Keydets
2/21/2026,Chattanooga Mocs,The Citadel Bulldogs
2/21/2026,Texas State Bobcats,Louisiana Ragin' Cajuns
2/21/2026,Marshall Thundering Herd,Coastal Carolina Chanticleers
2/21/2026,Georgia Southern Eagles,App State Mountaineers
2/21/2026,Mississippi State Bulldogs,South Carolina Gamecocks
2/21/2026,Xavier Musketeers,Butler Bulldogs
2/21/2026,Navy Midshipmen,Army Black Knights
2/21/2026,Miami Hurricanes,Virginia Cavaliers
2/21/2026,Tennessee Volunteers,Vanderbilt Commodores
2/21/2026,Duquesne Dukes,Dayton Flyers
2/21/2026,Davidson Wildcats,Fordham Rams
2/21/2026,Notre Dame Fighting Irish,Pittsburgh Panthers
2/21/2026,Loyola Maryland Greyhounds,Colgate Raiders
2/21/2026,Dartmouth Big Green,Columbia Lions
2/21/2026,Kansas City Roos,North Dakota State Bison
2/21/2026,Akron Zips,Ball State Cardinals
2/21/2026,Central Connecticut Blue Devils,Chicago State Cougars
2/21/2026,Harvard Crimson,Cornell Big Red
2/21/2026,Pennsylvania Quakers,Yale Bulldogs
2/21/2026,Wagner Seahawks,Saint Francis Red Flash
2/21/2026,Long Island University Sharks,Mercyhurst Lakers
2/21/2026,Le Moyne Dolphins,Stonehill Skyhawks
2/21/2026,New Haven Chargers,Fairleigh Dickinson Knights
2/21/2026,Hofstra Pride,Northeastern Huskies
2/21/2026,Samford Bulldogs,Mercer Bears
2/21/2026,Central Arkansas Bears,Florida Gulf Coast Eagles
2/21/2026,Delaware Blue Hens,Middle Tennessee Blue Raiders
2/21/2026,Georgia Tech Yellow Jackets,Louisville Cardinals
2/21/2026,Kansas State Wildcats,Texas Tech Red Raiders
2/21/2026,Rhode Island Rams,La Salle Explorers
2/21/2026,Arizona Wildcats,Houston Cougars
2/21/2026,Valparaiso Beacons,UIC Flames
2/21/2026,Evansville Purple Aces,Murray State Racers
2/21/2026,Washington Huskies,Maryland Terrapins
2/21/2026,UNLV Rebels,Air Force Falcons
2/21/2026,North Dakota Fighting Hawks,South Dakota State Jackrabbits
2/21/2026,Ohio Bobcats,Northern Illinois Huskies
2/21/2026,Arkansas State Red Wolves,UL Monroe Warhawks
2/21/2026,Old Dominion Monarchs,Southern Miss Golden Eagles
2/21/2026,West Georgia Wolves,Queens University Royals
2/21/2026,Utah Valley Wolverines,UT Arlington Mavericks
2/21/2026,Missouri State Bears,Florida International Panthers
2/21/2026,Texas Longhorns,Georgia Bulldogs
2/21/2026,Bowling Green Falcons,Miami (OH) RedHawks
2/21/2026,Oklahoma State Cowboys,Colorado Buffaloes
2/21/2026,North Florida Ospreys,Stetson Hatters
2/21/2026,Jacksonville State Gamecocks,Sam Houston Bearkats
2/21/2026,Missouri Tigers,Arkansas Razorbacks
2/21/2026,South Carolina State Bulldogs,Norfolk State Spartans
2/21/2026,Delaware State Hornets,Morgan State Bears
2/21/2026,Jackson State Tigers,Alcorn State Braves
2/21/2026,Arizona State Sun Devils,Baylor Bears
2/21/2026,Oregon Ducks,USC Trojans
2/21/2026,Winthrop Eagles,High Point Panthers
2/21/2026,Longwood Lancers,Charleston Southern Buccaneers
2/21/2026,San Jose State Spartans,Boise State Broncos
2/21/2026,Boston College Eagles,SMU Mustangs
2/21/2026,Maine Black Bears,New Hampshire Wildcats
2/21/2026,Monmouth Hawks,Charleston Cougars
2/21/2026,Hampton Pirates,Stony Brook Seawolves
2/21/2026,UNC Wilmington Seahawks,Campbell Fighting Camels
2/21/2026,East Tennessee State Buccaneers,UNC Greensboro Spartans
2/21/2026,Troy Trojans,South Alabama Jaguars
2/21/2026,James Madison Dukes,Georgia State Panthers
2/21/2026,Southeast Missouri State Redhawks,Little Rock Trojans
2/21/2026,Lindenwood Lions,Tennessee Tech Golden Eagles
2/21/2026,Southern Utah Thunderbirds,Abilene Christian Wildcats
2/21/2026,Western Kentucky Hilltoppers,Liberty Flames
2/21/2026,North Carolina Central Eagles,Howard Bison
2/21/2026,Radford Highlanders,UNC Asheville Bulldogs
2/21/2026,Presbyterian Blue Hose,South Carolina Upstate Spartans
2/21/2026,Maryland Eastern Shore Hawks,Coppin State Eagles
2/21/2026,UT Rio Grande Valley Vaqueros,SE Louisiana Lions
2/21/2026,Houston Christian Huskies,Northwestern State Demons
2/21/2026,SIU Edwardsville Cougars,Tennessee State Tigers
2/21/2026,Morehead State Eagles,Western Illinois Leathernecks
2/21/2026,Southern Indiana Screaming Eagles,Eastern Illinois Panthers
2/21/2026,West Virginia Mountaineers,TCU Horned Frogs
2/21/2026,Western Michigan Broncos,Central Michigan Chippewas
2/21/2026,Eastern Michigan Eagles,Toledo Rockets
2/21/2026,UC Davis Aggies,UC Riverside Highlanders
2/21/2026,Eastern Washington Eagles,Portland State Vikings
2/21/2026,North Alabama Lions,Lipscomb Bisons
2/21/2026,Utah Tech Trailblazers,Tarleton State Texans
2/21/2026,Louisiana Tech Bulldogs,Kennesaw State Owls
2/21/2026,Alabama A&M Bulldogs,Bethune-Cookman Wildcats
2/21/2026,Alabama Crimson Tide,LSU Tigers
2/21/2026,Texas Southern Tigers,Mississippi Valley State Delta Devils
2/21/2026,Pepperdine Waves,Oregon State Beavers
2/21/2026,Loyola Marymount Lions,San Diego Toreros
2/21/2026,St. Bonaventure Bonnies,Richmond Spiders
2/21/2026,Temple Owls,Wichita State Shockers
2/21/2026,Alabama State Hornets,Florida A&M Rattlers
2/21/2026,Grambling Tigers,Southern Jaguars
2/21/2026,San Diego State Aztecs,Colorado State Rams
2/21/2026,Georgetown Hoyas,Seton Hall Pirates
2/21/2026,Stanford Cardinal,California Golden Bears
2/21/2026,St. Thomas-Minnesota Tommies,Denver Pioneers
2/21/2026,Buffalo Bulls,Massachusetts Minutemen
2/21/2026,Nicholls Colonels,Stephen F. Austin Lumberjacks
2/21/2026,Incarnate Word Cardinals,East Texas A&M Lions
2/21/2026,Montana State Bobcats,Idaho State Bengals
2/21/2026,Michigan Wolverines,Duke Blue Devils
2/21/2026,Prairie View A&M Panthers,Arkansas-Pine Bluff Golden Lions
2/21/2026,UConn Huskies,Villanova Wildcats
2/21/2026,Vermont Catamounts,NJIT Highlanders
2/21/2026,North Carolina A&T Aggies,Elon Phoenix
2/21/2026,Furman Paladins,Wofford Terriers
2/21/2026,New Orleans Privateers,Lamar Cardinals
2/21/2026,Eastern Kentucky Colonels,Bellarmine Knights
2/21/2026,Austin Peay Governors,Jacksonville Dolphins
2/21/2026,Boston University Terriers,Lehigh Mountain Hawks
2/21/2026,Illinois Fighting Illini,UCLA Bruins
2/21/2026,Southern Illinois Salukis,Northern Iowa Panthers
2/21/2026,Illinois State Redbirds,Bradley Braves
2/21/2026,Indiana State Sycamores,Belmont Bruins
2/21/2026,New Mexico Lobos,Fresno State Bulldogs
2/21/2026,Wyoming Cowboys,Grand Canyon Lopes
2/21/2026,Providence Friars,DePaul Blue Demons
2/21/2026,South Dakota Coyotes,Oral Roberts Golden Eagles
2/21/2026,Texas A&M-Corpus Christi Islanders,McNeese Cowboys
2/21/2026,Northern Arizona Lumberjacks,Northern Colorado Bears
2/21/2026,Texas A&M Aggies,Oklahoma Sooners
2/21/2026,Kentucky Wildcats,Auburn Tigers
2/21/2026,Pacific Tigers,Gonzaga Bulldogs
2/21/2026,UCF Knights,Utah Utes
2/21/2026,Cal State Northridge Matadors,Long Beach State Beach
2/21/2026,Montana Grizzlies,Weber State Wildcats
2/21/2026,UTEP Miners,New Mexico State Aggies
2/21/2026,Cal State Fullerton Titans,Cal State Bakersfield Roadrunners
2/21/2026,Utah State Aggies,Nevada Wolf Pack
2/21/2026,Santa Clara Broncos,San Francisco Dons
2/21/2026,Saint Mary's Gaels,Washington State Cougars
2/21/2026,Portland Pilots,Seattle U Redhawks
2/21/2026,UC San Diego Tritons,UC Irvine Anteaters
2/21/2026,Idaho Vandals,Sacramento State Hornets
2/21/2026,Iowa State Cyclones,BYU Cougars
2/21/2026,UC Santa Barbara Gauchos,Hawai'i Rainbow Warriors
2/22/2026,American University Eagles,Lafayette Leopards
2/22/2026,UAB Blazers,Memphis Tigers
2/22/2026,Ohio State Buckeyes,Michigan State Spartans
2/22/2026,Iona Gaels,Merrimack Warriors
2/22/2026,Green Bay Phoenix,Detroit Mercy Titans
2/22/2026,Rice Owls,Tulane Green Wave
2/22/2026,Fairfield Stags,Quinnipiac Bobcats
2/22/2026,Northern Kentucky Norse,Youngstown State Penguins
2/22/2026,Robert Morris Colonials,Wright State Raiders
2/22/2026,Purdue Fort Wayne Mastodons,Cleveland State Vikings
2/22/2026,Saint Peter's Peacocks,Siena Saints
2/22/2026,Niagara Purple Eagles,Rider Broncs
2/22/2026,Canisius Golden Griffins,Mount St. Mary's Mountaineers
2/22/2026,Sacred Heart Pioneers,Marist Red Foxes
2/22/2026,Towson Tigers,Drexel Dragons
2/22/2026,Milwaukee Panthers,Oakland Golden Grizzlies
2/22/2026,UTSA Roadrunners,Tulsa Golden Hurricane
2/22/2026,Florida Atlantic Owls,North Texas Mean Green
2/22/2026,Iowa Hawkeyes,Wisconsin Badgers
2/22/2026,Holy Cross Crusaders,Bucknell Bison
2/22/2026,Mississippi Valley State Delta Devils,Grambling Tigers
2/23/2026,Louisville Cardinals,North Carolina Tar Heels
2/23/2026,Texas A&M-Corpus Christi Islanders,SE Louisiana Lions
2/23/2026,Nicholls Colonels,Lamar Cardinals
2/23/2026,Incarnate Word Cardinals,Northwestern State Demons
2/23/2026,New Orleans Privateers,Stephen F. Austin Lumberjacks
2/23/2026,UT Rio Grande Valley Vaqueros,McNeese Cowboys
2/23/2026,Houston Christian Huskies,East Texas A&M Lions
2/23/2026,Houston Cougars,Kansas Jayhawks
2/24/2026,Miami (OH) RedHawks,Eastern Michigan Eagles
2/24/2026,George Washington Revolutionaries,La Salle Explorers
2/24/2026,Washington Huskies,Rutgers Scarlet Knights
2/24/2026,Duke Blue Devils,Notre Dame Fighting Irish
2/24/2026,Cincinnati Bearcats,Texas Tech Red Raiders
2/24/2026,NC State Wolfpack,Virginia Cavaliers
2/24/2026,Saint Louis Billikens,Dayton Flyers
2/24/2026,West Virginia Mountaineers,Oklahoma State Cowboys
2/24/2026,Northwestern Wildcats,Indiana Hoosiers
2/24/2026,Marquette Golden Eagles,Georgetown Hoyas
2/24/2026,Wake Forest Demon Deacons,Boston College Eagles
2/24/2026,Western Michigan Broncos,Bowling Green Falcons
2/24/2026,Northern Illinois Huskies,Toledo Rockets
2/24/2026,Massachusetts Minutemen,Ball State Cardinals
2/24/2026,Central Michigan Chippewas,Kent State Golden Flashes
2/24/2026,Buffalo Bulls,Akron Zips
2/24/2026,Louisiana Ragin' Cajuns,Troy Trojans
2/24/2026,Old Dominion Monarchs,Marshall Thundering Herd
2/24/2026,Kentucky Wildcats,South Carolina Gamecocks
2/24/2026,Xavier Musketeers,Providence Friars
2/24/2026,Coastal Carolina Chanticleers,Georgia State Panthers
2/24/2026,Southern Indiana Screaming Eagles,Morehead State Eagles
2/24/2026,Bradley Braves,UIC Flames
2/24/2026,Minnesota Golden Gophers,Michigan Wolverines
2/24/2026,Southern Miss Golden Eagles,Arkansas State Red Wolves
2/24/2026,Arizona Wildcats,Baylor Bears
2/24/2026,Iowa State Cyclones,Utah Utes
2/24/2026,Fresno State Bulldogs,Colorado State Rams
2/24/2026,Arizona State Sun Devils,TCU Horned Frogs
2/24/2026,Wyoming Cowboys,Boise State Broncos
2/24/2026,Miami Hurricanes,Florida State Seminoles
2/24/2026,San Jose State Spartans,Air Force Falcons
2/24/2026,Auburn Tigers,Oklahoma Sooners
2/24/2026,Tennessee Volunteers,Missouri Tigers
2/24/2026,UCF Knights,BYU Cougars
2/24/2026,New Mexico Lobos,Nevada Wolf Pack
2/24/2026,USC Trojans,UCLA Bruins
2/25/2026,Bucknell Bison,Army Black Knights
2/25/2026,Oakland Golden Grizzlies,IU Indianapolis Jaguars
2/25/2026,The Citadel Bulldogs,Furman Paladins
2/25/2026,St. John's Red Storm,UConn Huskies
2/25/2026,Maryland Terrapins,Nebraska Cornhuskers
2/25/2026,Georgia Bulldogs,Vanderbilt Commodores
2/25/2026,Florida Gators,Texas Longhorns
2/25/2026,Illinois State Redbirds,Northern Iowa Panthers
2/25/2026,Lafayette Leopards,Colgate Raiders
2/25/2026,Lehigh Mountain Hawks,American University Eagles
2/25/2026,Rhode Island Rams,St. Bonaventure Bonnies
2/25/2026,George Mason Patriots,Saint Joseph's Hawks
2/25/2026,Davidson Wildcats,Duquesne Dukes
2/25/2026,North Texas Mean Green,Charlotte 49ers
2/25/2026,Holy Cross Crusaders,Boston University Terriers
2/25/2026,Butler Bulldogs,Villanova Wildcats
2/25/2026,Navy Midshipmen,Loyola Maryland Greyhounds
2/25/2026,Omaha Mavericks,South Dakota Coyotes
2/25/2026,Detroit Mercy Titans,Robert Morris Colonials
2/25/2026,Wright State Raiders,Purdue Fort Wayne Mastodons
2/25/2026,Northern Kentucky Norse,Cleveland State Vikings
2/25/2026,Mercer Bears,Western Carolina Catamounts
2/25/2026,Wofford Terriers,East Tennessee State Buccaneers
2/25/2026,Lipscomb Bisons,West Georgia Wolves
2/25/2026,Queens University Royals,Eastern Kentucky Colonels
2/25/2026,Evansville Purple Aces,Belmont Bruins
2/25/2026,Tulsa Golden Hurricane,Tulane Green Wave
2/25/2026,Drake Bulldogs,Valparaiso Beacons
2/25/2026,Indiana State Sycamores,Southern Illinois Salukis
2/25/2026,South Florida Bulls,Rice Owls
2/25/2026,East Carolina Pirates,UTSA Roadrunners
2/25/2026,Pittsburgh Panthers,Stanford Cardinal
2/25/2026,Youngstown State Penguins,Milwaukee Panthers
2/25/2026,Georgia Southern Eagles,James Madison Dukes
2/25/2026,UL Monroe Warhawks,South Alabama Jaguars
2/25/2026,Central Arkansas Bears,Austin Peay Governors
2/25/2026,Bellarmine Knights,North Alabama Lions
2/25/2026,Portland Pilots,Gonzaga Bulldogs
2/25/2026,Mississippi State Bulldogs,Alabama Crimson Tide
2/25/2026,Seattle U Redhawks,Pepperdine Waves
2/25/2026,Kansas State Wildcats,Colorado Buffaloes
2/25/2026,Ohio State Buckeyes,Iowa Hawkeyes
2/25/2026,UNLV Rebels,Grand Canyon Lopes
2/25/2026,DePaul Blue Demons,Creighton Bluejays
2/25/2026,LSU Tigers,Ole Miss Rebels
2/25/2026,San Diego Toreros,Oregon State Beavers
2/25/2026,SMU Mustangs,California Golden Bears
2/25/2026,Washington State Cougars,Loyola Marymount Lions
2/25/2026,Santa Clara Broncos,Saint Mary's Gaels
2/25/2026,Wisconsin Badgers,Oregon Ducks
2/25/2026,Utah State Aggies,San Diego State Aztecs
2/26/2026,Charleston Cougars,Hampton Pirates
2/26/2026,Bethune-Cookman Wildcats,Grambling Tigers
2/26/2026,New Hampshire Wildcats,Binghamton Bearcats
2/26/2026,Bryant Bulldogs,UMBC Retrievers
2/26/2026,Maine Black Bears,UAlbany Great Danes
2/26/2026,Temple Owls,Florida Atlantic Owls
2/26/2026,Winthrop Eagles,Charleston Southern Buccaneers
2/26/2026,South Carolina Upstate Spartans,Radford Highlanders
2/26/2026,UNC Asheville Bulldogs,Gardner-Webb Runnin' Bulldogs
2/26/2026,High Point Panthers,Presbyterian Blue Hose
2/26/2026,Mercyhurst Lakers,Central Connecticut Blue Devils
2/26/2026,New Haven Chargers,Wagner Seahawks
2/26/2026,Saint Francis Red Flash,Stonehill Skyhawks
2/26/2026,Chicago State Cougars,Long Island University Sharks
2/26/2026,Fairleigh Dickinson Knights,Le Moyne Dolphins
2/26/2026,UMass Lowell River Hawks,Vermont Catamounts
2/26/2026,Campbell Fighting Camels,Drexel Dragons
2/26/2026,Elon Phoenix,Towson Tigers
2/26/2026,North Carolina A&T Aggies,UNC Wilmington Seahawks
2/26/2026,Stony Brook Seawolves,Monmouth Hawks
2/26/2026,Northeastern Huskies,William & Mary Tribe
2/26/2026,UNC Greensboro Spartans,Chattanooga Mocs
2/26/2026,Stetson Hatters,Jacksonville Dolphins
2/26/2026,Florida Gulf Coast Eagles,North Florida Ospreys
2/26/2026,Delaware Blue Hens,Jacksonville State Gamecocks
2/26/2026,Liberty Flames,Kennesaw State Owls
2/26/2026,Missouri State Bears,Louisiana Tech Bulldogs
2/26/2026,UTEP Miners,Middle Tennessee Blue Raiders
2/26/2026,New Mexico State Aggies,Western Kentucky Hilltoppers
2/26/2026,Michigan State Spartans,Purdue Boilermakers
2/26/2026,Alcorn State Braves,Texas Southern Tigers
2/26/2026,Denver Pioneers,Oral Roberts Golden Eagles
2/26/2026,South Dakota State Jackrabbits,Kansas City Roos
2/26/2026,VMI Keydets,Samford Bulldogs
2/26/2026,Morehead State Eagles,Little Rock Trojans
2/26/2026,Tarleton State Texans,Utah Valley Wolverines
2/26/2026,Florida A&M Rattlers,Southern Jaguars
2/26/2026,Tennessee Tech Golden Eagles,UT Martin Skyhawks
2/26/2026,Western Illinois Leathernecks,SIU Edwardsville Cougars
2/26/2026,Tennessee State Tigers,Southeast Missouri State Redhawks
2/26/2026,Eastern Illinois Panthers,Lindenwood Lions
2/26/2026,Texas A&M Aggies,Arkansas Razorbacks
2/26/2026,Wichita State Shockers,Memphis Tigers
2/26/2026,UC Riverside Highlanders,UC Santa Barbara Gauchos
2/26/2026,North Dakota State Bison,St. Thomas-Minnesota Tommies
2/26/2026,Hawai'i Rainbow Warriors,UC Davis Aggies
2/26/2026,Portland State Vikings,Montana State Bobcats
2/26/2026,Sacramento State Hornets,Montana Grizzlies
2/26/2026,Northern Arizona Lumberjacks,Idaho Vandals
2/26/2026,Northern Colorado Bears,Eastern Washington Eagles
2/26/2026,Abilene Christian Wildcats,Utah Tech Trailblazers
2/26/2026,Florida International Panthers,Sam Houston Bearkats
2/26/2026,Jackson State Tigers,Prairie View A&M Panthers
2/26/2026,Long Beach State Beach,Cal Poly Mustangs
2/26/2026,UC Irvine Anteaters,Cal State Northridge Matadors
2/26/2026,Cal State Bakersfield Roadrunners,UC San Diego Tritons
2/26/2026,UT Arlington Mavericks,California Baptist Lancers
2/27/2026,Yale Bulldogs,Cornell Big Red
2/27/2026,Quinnipiac Bobcats,Niagara Purple Eagles
2/27/2026,Dayton Flyers,George Washington Revolutionaries
2/27/2026,Rider Broncs,Iona Gaels
2/27/2026,Brown Bears,Columbia Lions
2/27/2026,Siena Saints,Fairfield Stags
2/27/2026,Mount St. Mary's Mountaineers,Sacred Heart Pioneers
2/27/2026,Merrimack Warriors,Canisius Golden Griffins
2/27/2026,Manhattan Jaspers,Saint Peter's Peacocks
2/27/2026,Harvard Crimson,Princeton Tigers
2/27/2026,Dartmouth Big Green,Pennsylvania Quakers
2/27/2026,UL Monroe Warhawks,Troy Trojans
2/27/2026,Old Dominion Monarchs,Georgia State Panthers
2/27/2026,Michigan Wolverines,Illinois Fighting Illini
2/27/2026,App State Mountaineers,Texas State Bobcats
2/27/2026,Coastal Carolina Chanticleers,James Madison Dukes
2/27/2026,Southern Miss Golden Eagles,South Alabama Jaguars
2/27/2026,Louisiana Ragin' Cajuns,Arkansas State Red Wolves
2/27/2026,Georgia Southern Eagles,Marshall Thundering Herd
2/27/2026,Louisville Cardinals,Clemson Tigers
2/27/2026,Virginia Tech Hokies,North Carolina Tar Heels
2/28/2026,Seton Hall Pirates,UConn Huskies
2/28/2026,Virginia Cavaliers,Duke Blue Devils
2/28/2026,Colorado Buffaloes,Houston Cougars
2/28/2026,Saint Joseph's Hawks,Rhode Island Rams
2/28/2026,NC State Wolfpack,Notre Dame Fighting Irish
2/28/2026,Florida State Seminoles,Georgia Tech Yellow Jackets
2/28/2026,Fordham Rams,VCU Rams
2/28/2026,Army Black Knights,Lafayette Leopards
2/28/2026,Cleveland State Vikings,Robert Morris Colonials
2/28/2026,Chicago State Cougars,Wagner Seahawks
2/28/2026,Saint Francis Red Flash,Central Connecticut Blue Devils
2/28/2026,Le Moyne Dolphins,New Haven Chargers
2/28/2026,Missouri Tigers,Mississippi State Bulldogs
2/28/2026,New Mexico State Aggies,Middle Tennessee Blue Raiders
2/28/2026,Georgetown Hoyas,Xavier Musketeers
2/28/2026,Vanderbilt Commodores,Kentucky Wildcats
2/28/2026,Bucknell Bison,Lehigh Mountain Hawks
2/28/2026,St. Bonaventure Bonnies,George Mason Patriots
2/28/2026,Oklahoma State Cowboys,Cincinnati Bearcats
2/28/2026,Oregon Ducks,Northwestern Wildcats
2/28/2026,UCLA Bruins,Minnesota Golden Gophers
2/28/2026,Boston University Terriers,American University Eagles
2/28/2026,Gardner-Webb Runnin' Bulldogs,South Carolina Upstate Spartans
2/28/2026,Charleston Southern Buccaneers,UNC Asheville Bulldogs
2/28/2026,San Diego State Aztecs,New Mexico Lobos
2/28/2026,Boston College Eagles,Miami Hurricanes
2/28/2026,Loyola Maryland Greyhounds,Holy Cross Crusaders
2/28/2026,South Dakota State Jackrabbits,South Dakota Coyotes
2/28/2026,Youngstown State Penguins,Green Bay Phoenix
2/28/2026,Milwaukee Panthers,IU Indianapolis Jaguars
2/28/2026,Massachusetts Minutemen,Bowling Green Falcons
2/28/2026,Central Michigan Chippewas,Buffalo Bulls
2/28/2026,Mercyhurst Lakers,Stonehill Skyhawks
2/28/2026,New Hampshire Wildcats,UAlbany Great Danes
2/28/2026,UMBC Retrievers,UMass Lowell River Hawks
2/28/2026,Maine Black Bears,Binghamton Bearcats
2/28/2026,William & Mary Tribe,North Carolina A&T Aggies
2/28/2026,Campbell Fighting Camels,Towson Tigers
2/28/2026,The Citadel Bulldogs,Wofford Terriers
2/28/2026,VMI Keydets,Chattanooga Mocs
2/28/2026,Queens University Royals,Central Arkansas Bears
2/28/2026,North Alabama Lions,West Georgia Wolves
2/28/2026,Florida Gulf Coast Eagles,Stetson Hatters
2/28/2026,Austin Peay Governors,Bellarmine Knights
2/28/2026,Miami (OH) RedHawks,Western Michigan Broncos
2/28/2026,Radford Highlanders,Longwood Lancers
2/28/2026,Detroit Mercy Titans,Oakland Golden Grizzlies
2/28/2026,Akron Zips,Kent State Golden Flashes
2/28/2026,Elon Phoenix,Monmouth Hawks
2/28/2026,Sacramento State Hornets,Montana State Bobcats
2/28/2026,Florida International Panthers,Louisiana Tech Bulldogs
2/28/2026,UTEP Miners,Western Kentucky Hilltoppers
2/28/2026,South Carolina Gamecocks,Georgia Bulldogs
2/28/2026,Utah Utes,Arizona State Sun Devils
2/28/2026,Bethune-Cookman Wildcats,Southern Jaguars
2/28/2026,Kansas Jayhawks,Arizona Wildcats
2/28/2026,Nebraska Cornhuskers,USC Trojans
2/28/2026,Texas Tech Red Raiders,Iowa State Cyclones
2/28/2026,Air Force Falcons,Wyoming Cowboys
2/28/2026,North Carolina Central Eagles,Delaware State Hornets
2/28/2026,San Diego Toreros,Portland Pilots
2/28/2026,Howard Bison,Morgan State Bears
2/28/2026,Richmond Spiders,Loyola Chicago Ramblers
2/28/2026,Wisconsin Badgers,Washington Huskies
2/28/2026,Presbyterian Blue Hose,Winthrop Eagles
2/28/2026,Pittsburgh Panthers,California Golden Bears
2/28/2026,Colgate Raiders,Navy Midshipmen
2/28/2026,Toledo Rockets,Ohio Bobcats
2/28/2026,Ball State Cardinals,Northern Illinois Huskies
2/28/2026,Fairleigh Dickinson Knights,Long Island University Sharks
2/28/2026,NJIT Highlanders,Bryant Bulldogs
2/28/2026,Northeastern Huskies,Hampton Pirates
2/28/2026,SE Louisiana Lions,Nicholls Colonels
2/28/2026,Portland State Vikings,Montana Grizzlies
2/28/2026,Northern Colorado Bears,Idaho Vandals
2/28/2026,Northern Arizona Lumberjacks,Eastern Washington Eagles
2/28/2026,Texas Longhorns,Texas A&M Aggies
2/28/2026,Lipscomb Bisons,Eastern Kentucky Colonels
2/28/2026,Southern Indiana Screaming Eagles,Little Rock Trojans
2/28/2026,Abilene Christian Wildcats,Utah Valley Wolverines
2/28/2026,South Carolina State Bulldogs,Maryland Eastern Shore Hawks
2/28/2026,Norfolk State Spartans,Coppin State Eagles
2/28/2026,East Tennessee State Buccaneers,Mercer Bears
2/28/2026,Stephen F. Austin Lumberjacks,Houston Christian Huskies
2/28/2026,Tennessee State Tigers,UT Martin Skyhawks
2/28/2026,Lindenwood Lions,Western Illinois Leathernecks
2/28/2026,Eastern Illinois Panthers,SIU Edwardsville Cougars
2/28/2026,Tennessee Tech Golden Eagles,Southeast Missouri State Redhawks
2/28/2026,Colorado State Rams,San Jose State Spartans
2/28/2026,Jackson State Tigers,Texas Southern Tigers
2/28/2026,Alabama State Hornets,Alabama A&M Bulldogs
2/28/2026,Lamar Cardinals,Incarnate Word Cardinals
2/28/2026,Delaware Blue Hens,Kennesaw State Owls
2/28/2026,BYU Cougars,West Virginia Mountaineers
2/28/2026,Alcorn State Braves,Prairie View A&M Panthers
2/28/2026,Providence Friars,Creighton Bluejays
2/28/2026,Furman Paladins,Western Carolina Catamounts
2/28/2026,East Texas A&M Lions,UT Rio Grande Valley Vaqueros
2/28/2026,Missouri State Bears,Sam Houston Bearkats
2/28/2026,Syracuse Orange,Wake Forest Demon Deacons
2/28/2026,Alabama Crimson Tide,Tennessee Volunteers
2/28/2026,San Francisco Dons,Pacific Tigers
2/28/2026,Dartmouth Big Green,Princeton Tigers
2/28/2026,SMU Mustangs,Stanford Cardinal
2/28/2026,Brown Bears,Cornell Big Red
2/28/2026,Yale Bulldogs,Columbia Lions
2/28/2026,Harvard Crimson,Pennsylvania Quakers
2/28/2026,UNC Greensboro Spartans,Samford Bulldogs
2/28/2026,McNeese Cowboys,New Orleans Privateers
2/28/2026,Weber State Wildcats,Idaho State Bengals
2/28/2026,Oklahoma Sooners,LSU Tigers
2/28/2026,Jacksonville Dolphins,North Florida Ospreys
2/28/2026,Liberty Flames,Jacksonville State Gamecocks
2/28/2026,TCU Horned Frogs,Kansas State Wildcats
2/28/2026,Mississippi Valley State Delta Devils,Arkansas-Pine Bluff Golden Lions
2/28/2026,Northwestern State Demons,Texas A&M-Corpus Christi Islanders
2/28/2026,North Dakota Fighting Hawks,North Dakota State Bison
2/28/2026,Wright State Raiders,Northern Kentucky Norse
2/28/2026,Stony Brook Seawolves,Hofstra Pride
2/28/2026,Hawai'i Rainbow Warriors,Cal State Fullerton Titans
2/28/2026,Florida A&M Rattlers,Grambling Tigers
2/28/2026,Boise State Broncos,Fresno State Bulldogs
2/28/2026,Duquesne Dukes,Saint Louis Billikens
2/28/2026,Valparaiso Beacons,Evansville Purple Aces
2/28/2026,Washington State Cougars,Pepperdine Waves
2/28/2026,Oregon State Beavers,Santa Clara Broncos
2/28/2026,Baylor Bears,UCF Knights
2/28/2026,Cal State Northridge Matadors,UC Riverside Highlanders
2/28/2026,Villanova Wildcats,St. John's Red Storm
2/28/2026,Oral Roberts Golden Eagles,Kansas City Roos
2/28/2026,Arkansas Razorbacks,Florida Gators
2/28/2026,Ole Miss Rebels,Auburn Tigers
2/28/2026,Utah Tech Trailblazers,Southern Utah Thunderbirds
2/28/2026,Seattle U Redhawks,Loyola Marymount Lions
2/28/2026,Omaha Mavericks,St. Thomas-Minnesota Tommies
2/28/2026,Tarleton State Texans,California Baptist Lancers
2/28/2026,Long Beach State Beach,Cal State Bakersfield Roadrunners
2/28/2026,Nevada Wolf Pack,UNLV Rebels
2/28/2026,Grand Canyon Lopes,Utah State Aggies
2/28/2026,UC Santa Barbara Gauchos,UC Irvine Anteaters
2/28/2026,Cal Poly Mustangs,UC San Diego Tritons
2/28/2026,Gonzaga Bulldogs,Saint Mary's Gaels
3/1/2026,La Salle Explorers,Davidson Wildcats
3/1/2026,Tulane Green Wave,South Florida Bulls
3/1/2026,North Texas Mean Green,UAB Blazers
3/1/2026,Rutgers Scarlet Knights,Maryland Terrapins
3/1/2026,UIC Flames,Indiana State Sycamores
3/1/2026,Quinnipiac Bobcats,Canisius Golden Griffins
3/1/2026,Purdue Boilermakers,Ohio State Buckeyes
3/1/2026,Murray State Racers,Bradley Braves
3/1/2026,Belmont Bruins,Illinois State Redbirds
3/1/2026,Rice Owls,Temple Owls
3/1/2026,Memphis Tigers,East Carolina Pirates
3/1/2026,Charlotte 49ers,Florida Atlantic Owls
3/1/2026,Rider Broncs,Siena Saints
3/1/2026,Mount St. Mary's Mountaineers,Fairfield Stags
3/1/2026,Merrimack Warriors,Niagara Purple Eagles
3/1/2026,Saint Peter's Peacocks,Marist Red Foxes
3/1/2026,Iona Gaels,Manhattan Jaspers
3/1/2026,Michigan State Spartans,Indiana Hoosiers
3/1/2026,DePaul Blue Demons,Marquette Golden Eagles
3/1/2026,Northern Iowa Panthers,Drake Bulldogs
3/1/2026,Wichita State Shockers,UTSA Roadrunners
3/1/2026,Charleston Cougars,UNC Wilmington Seahawks
3/2/2026,Norfolk State Spartans,Morgan State Bears
3/2/2026,Stephen F. Austin Lumberjacks,Incarnate Word Cardinals
3/2/2026,Duke Blue Devils,NC State Wolfpack
3/2/2026,South Carolina State Bulldogs,Delaware State Hornets
3/2/2026,North Carolina Central Eagles,Maryland Eastern Shore Hawks
3/2/2026,Coppin State Eagles,Howard Bison
3/2/2026,Northwestern State Demons,UT Rio Grande Valley Vaqueros
3/2/2026,McNeese Cowboys,Nicholls Colonels
3/2/2026,SE Louisiana Lions,New Orleans Privateers
3/2/2026,East Texas A&M Lions,Texas A&M-Corpus Christi Islanders
3/2/2026,Montana State Bobcats,Northern Arizona Lumberjacks
3/2/2026,Montana Grizzlies,Northern Colorado Bears
3/2/2026,Lamar Cardinals,Houston Christian Huskies
3/2/2026,Iowa State Cyclones,Arizona Wildcats
3/2/2026,Idaho Vandals,Eastern Washington Eagles
3/2/2026,Weber State Wildcats,Portland State Vikings
3/2/2026,Idaho State Bengals,Sacramento State Hornets
3/2/2026,Nevada Wolf Pack,Wyoming Cowboys
3/3/2026,UMass Lowell River Hawks,Maine Black Bears
3/3/2026,UMBC Retrievers,NJIT Highlanders
3/3/2026,Bryant Bulldogs,New Hampshire Wildcats
3/3/2026,Tennessee Volunteers,South Carolina Gamecocks
3/3/2026,Alabama Crimson Tide,Georgia Bulldogs
3/3/2026,Eastern Michigan Eagles,Buffalo Bulls
3/3/2026,Towson Tigers,Stony Brook Seawolves
3/3/2026,TCU Horned Frogs,Texas Tech Red Raiders
3/3/2026,BYU Cougars,Cincinnati Bearcats
3/3/2026,Wake Forest Demon Deacons,Virginia Cavaliers
3/3/2026,Clemson Tigers,North Carolina Tar Heels
3/3/2026,Toledo Rockets,Miami (OH) RedHawks
3/3/2026,George Mason Patriots,VCU Rams
3/3/2026,Dayton Flyers,Richmond Spiders
3/3/2026,Oklahoma State Cowboys,UCF Knights
3/3/2026,Seton Hall Pirates,Xavier Musketeers
3/3/2026,Georgetown Hoyas,St. John's Red Storm
3/3/2026,Ohio Bobcats,Massachusetts Minutemen
3/3/2026,Ball State Cardinals,Western Michigan Broncos
3/3/2026,Akron Zips,Central Michigan Chippewas
3/3/2026,UAlbany Great Danes,Vermont Catamounts
3/3/2026,UNC Wilmington Seahawks,Elon Phoenix
3/3/2026,North Carolina A&T Aggies,Campbell Fighting Camels
3/3/2026,Hampton Pirates,William & Mary Tribe
3/3/2026,Drexel Dragons,Hofstra Pride
3/3/2026,Monmouth Hawks,Northeastern Huskies
3/3/2026,Missouri Tigers,Oklahoma Sooners
3/3/2026,Kentucky Wildcats,Texas A&M Aggies
3/3/2026,Mississippi State Bulldogs,Florida Gators
3/3/2026,Mississippi Valley State Delta Devils,Alcorn State Braves
3/3/2026,West Virginia Mountaineers,Kansas State Wildcats
3/3/2026,Southern Jaguars,Alabama State Hornets
3/3/2026,Kent State Golden Flashes,Northern Illinois Huskies
3/3/2026,Grambling Tigers,Alabama A&M Bulldogs
3/3/2026,Oregon Ducks,Illinois Fighting Illini
3/3/2026,Kansas Jayhawks,Arizona State Sun Devils
3/3/2026,Syracuse Orange,Louisville Cardinals
3/3/2026,San Jose State Spartans,Fresno State Bulldogs
3/3/2026,Colorado Buffaloes,Utah Utes
3/3/2026,Arkansas-Pine Bluff Golden Lions,Jackson State Tigers
3/3/2026,San Diego State Aztecs,Boise State Broncos
3/3/2026,Boston College Eagles,Virginia Tech Hokies
3/3/2026,Grand Canyon Lopes,Air Force Falcons
3/3/2026,LSU Tigers,Auburn Tigers
3/3/2026,Nebraska Cornhuskers,UCLA Bruins
3/3/2026,Utah State Aggies,UNLV Rebels
3/4/2026,Creighton Bluejays,Butler Bulldogs
3/4/2026,Fordham Rams,La Salle Explorers
3/4/2026,Minnesota Golden Gophers,Indiana Hoosiers
3/4/2026,Ole Miss Rebels,Vanderbilt Commodores
3/4/2026,Texas Longhorns,Arkansas Razorbacks
3/4/2026,St. Bonaventure Bonnies,George Washington Revolutionaries
3/4/2026,Duquesne Dukes,Rhode Island Rams
3/4/2026,Saint Joseph's Hawks,Davidson Wildcats
3/4/2026,UAB Blazers,Charlotte 49ers
3/4/2026,Marquette Golden Eagles,Providence Friars
3/4/2026,Miami Hurricanes,SMU Mustangs
3/4/2026,California Golden Bears,Georgia Tech Yellow Jackets
3/4/2026,Loyola Chicago Ramblers,Saint Louis Billikens
3/4/2026,Rice Owls,North Texas Mean Green
3/4/2026,Maryland Terrapins,Wisconsin Badgers
3/4/2026,Villanova Wildcats,DePaul Blue Demons
3/4/2026,Purdue Boilermakers,Northwestern Wildcats
3/4/2026,Baylor Bears,Houston Cougars
3/4/2026,Florida State Seminoles,Pittsburgh Panthers
3/4/2026,Stanford Cardinal,Notre Dame Fighting Irish
3/4/2026,Colorado State Rams,New Mexico Lobos
3/4/2026,USC Trojans,Washington Huskies
3/5/2026,Bethune-Cookman Wildcats,Florida A&M Rattlers
3/5/2026,South Carolina State Bulldogs,North Carolina Central Eagles
3/5/2026,Howard Bison,Norfolk State Spartans
3/5/2026,Tulane Green Wave,Temple Owls
3/5/2026,Tulsa Golden Hurricane,East Carolina Pirates
3/5/2026,Delaware State Hornets,Maryland Eastern Shore Hawks
3/5/2026,Middle Tennessee Blue Raiders,Florida International Panthers
3/5/2026,Louisiana Tech Bulldogs,Liberty Flames
3/5/2026,Sam Houston Bearkats,Delaware Blue Hens
3/5/2026,Michigan Wolverines,Iowa Hawkeyes
3/5/2026,Rutgers Scarlet Knights,Michigan State Spartans
3/5/2026,Grambling Tigers,Alabama State Hornets
3/5/2026,Prairie View A&M Panthers,Texas Southern Tigers
3/5/2026,Coppin State Eagles,Morgan State Bears
3/5/2026,UT Arlington Mavericks,Tarleton State Texans
3/5/2026,Western Kentucky Hilltoppers,Missouri State Bears
3/5/2026,Southern Jaguars,Alabama A&M Bulldogs
3/5/2026,Utah Valley Wolverines,Southern Utah Thunderbirds
3/5/2026,Mississippi Valley State Delta Devils,Jackson State Tigers
3/5/2026,South Florida Bulls,Memphis Tigers
3/5/2026,Arkansas-Pine Bluff Golden Lions,Alcorn State Braves
3/5/2026,Kennesaw State Owls,UTEP Miners
3/5/2026,Jacksonville State Gamecocks,New Mexico State Aggies
3/5/2026,Cal State Northridge Matadors,Cal State Bakersfield Roadrunners
3/5/2026,UC Davis Aggies,Long Beach State Beach
3/5/2026,Cal Poly Mustangs,UC Irvine Anteaters
3/5/2026,UC San Diego Tritons,Cal State Fullerton Titans
3/5/2026,Abilene Christian Wildcats,California Baptist Lancers
3/5/2026,UC Riverside Highlanders,Hawai'i Rainbow Warriors
3/6/2026,Bowling Green Falcons,Eastern Michigan Eagles
3/6/2026,Miami (OH) RedHawks,Ohio Bobcats
3/6/2026,VCU Rams,Dayton Flyers
3/6/2026,Pennsylvania Quakers,Brown Bears
3/6/2026,Western Michigan Broncos,Kent State Golden Flashes
3/6/2026,Northern Illinois Huskies,Akron Zips
3/6/2026,Central Michigan Chippewas,Ball State Cardinals
3/6/2026,Buffalo Bulls,Toledo Rockets
3/6/2026,UCF Knights,West Virginia Mountaineers
3/6/2026,St. John's Red Storm,Seton Hall Pirates
3/6/2026,UNLV Rebels,San Diego State Aztecs
3/7/2026,Houston Cougars,Oklahoma State Cowboys
3/7/2026,Georgia Tech Yellow Jackets,Clemson Tigers
3/7/2026,Arkansas Razorbacks,Missouri Tigers
3/7/2026,Davidson Wildcats,St. Bonaventure Bonnies
3/7/2026,Butler Bulldogs,DePaul Blue Demons
3/7/2026,Xavier Musketeers,Villanova Wildcats
3/7/2026,Notre Dame Fighting Irish,Boston College Eagles
3/7/2026,Louisiana Tech Bulldogs,Delaware Blue Hens
3/7/2026,UConn Huskies,Marquette Golden Eagles
3/7/2026,Virginia Tech Hokies,Virginia Cavaliers
3/7/2026,La Salle Explorers,Saint Joseph's Hawks
3/7/2026,South Carolina Gamecocks,Ole Miss Rebels
3/7/2026,Arizona State Sun Devils,Iowa State Cyclones
3/7/2026,Vanderbilt Commodores,Tennessee Volunteers
3/7/2026,Kansas State Wildcats,Kansas Jayhawks
3/7/2026,Louisville Cardinals,Miami Hurricanes
3/7/2026,Cornell Big Red,Dartmouth Big Green
3/7/2026,George Washington Revolutionaries,Loyola Chicago Ramblers
3/7/2026,Rhode Island Rams,Fordham Rams
3/7/2026,Richmond Spiders,Duquesne Dukes
3/7/2026,Cincinnati Bearcats,TCU Horned Frogs
3/7/2026,SMU Mustangs,Florida State Seminoles
3/7/2026,Princeton Tigers,Yale Bulldogs
3/7/2026,Columbia Lions,Harvard Crimson
3/7/2026,Western Kentucky Hilltoppers,Florida International Panthers
3/7/2026,Sam Houston Bearkats,Liberty Flames
3/7/2026,Stanford Cardinal,NC State Wolfpack
3/7/2026,Middle Tennessee Blue Raiders,Missouri State Bears
3/7/2026,Georgia Bulldogs,Mississippi State Bulldogs
3/7/2026,Wisconsin Badgers,Purdue Boilermakers
3/7/2026,Florida Gators,Kentucky Wildcats
3/7/2026,Saint Louis Billikens,George Mason Patriots
3/7/2026,New Mexico Lobos,Utah State Aggies
3/7/2026,Florida Atlantic Owls,Wichita State Shockers
3/7/2026,Boise State Broncos,Colorado State Rams
3/7/2026,California Golden Bears,Wake Forest Demon Deacons
3/7/2026,Kennesaw State Owls,New Mexico State Aggies
3/7/2026,Jacksonville State Gamecocks,UTEP Miners
3/7/2026,Wyoming Cowboys,San Jose State Spartans
3/7/2026,Utah Utes,Baylor Bears
3/7/2026,Pittsburgh Panthers,Syracuse Orange
3/7/2026,Indiana Hoosiers,Ohio State Buckeyes
3/7/2026,Providence Friars,Georgetown Hoyas
3/7/2026,Texas A&M Aggies,LSU Tigers
3/7/2026,North Carolina Tar Heels,Duke Blue Devils
3/7/2026,Cal State Bakersfield Roadrunners,Cal Poly Mustangs
3/7/2026,UT Arlington Mavericks,Abilene Christian Wildcats
3/7/2026,Fresno State Bulldogs,Grand Canyon Lopes
3/7/2026,Cal State Fullerton Titans,Cal State Northridge Matadors
3/7/2026,Auburn Tigers,Alabama Crimson Tide
3/7/2026,Oklahoma Sooners,Texas Longhorns
3/7/2026,California Baptist Lancers,Southern Utah Thunderbirds
3/7/2026,UCLA Bruins,USC Trojans
3/7/2026,Northwestern Wildcats,Minnesota Golden Gophers
3/7/2026,UC San Diego Tritons,UC Santa Barbara Gauchos
3/7/2026,Utah Valley Wolverines,Utah Tech Trailblazers
3/7/2026,Air Force Falcons,Nevada Wolf Pack
3/7/2026,UC Davis Aggies,UC Irvine Anteaters
3/7/2026,Texas Tech Red Raiders,BYU Cougars
3/7/2026,Arizona Wildcats,Colorado Buffaloes
3/7/2026,Washington Huskies,Oregon Ducks
3/7/2026,Long Beach State Beach,Hawai'i Rainbow Warriors
3/8/2026,Memphis Tigers,Tulane Green Wave
3/8/2026,Charlotte 49ers,South Florida Bulls
3/8/2026,Illinois Fighting Illini,Maryland Terrapins
3/8/2026,Temple Owls,Tulsa Golden Hurricane
3/8/2026,UTSA Roadrunners,Rice Owls
3/8/2026,East Carolina Pirates,UAB Blazers
3/8/2026,Iowa Hawkeyes,Nebraska Cornhuskers
3/8/2026,Michigan State Spartans,Michigan Wolverines